/*
Navicat MySQL Data Transfer

Source Server         : 二期项目数据库
Source Server Version : 50729
Source Host           : 101.200.216.156:3306
Source Database       : PhoneMark

Target Server Type    : MYSQL
Target Server Version : 50729
File Encoding         : 65001

Date: 2020-12-13 15:11:24
*/

SET FOREIGN_KEY_CHECKS=0;
-- ----------------------------
-- Table structure for `admininfo`
-- ----------------------------
DROP TABLE IF EXISTS `admininfo`;
CREATE TABLE `admininfo` (
  `aid` int(11) NOT NULL AUTO_INCREMENT,
  `aname` varchar(100) COLLATE utf8_bin NOT NULL,
  `pwd` varchar(100) COLLATE utf8_bin NOT NULL,
  `tel` varchar(15) COLLATE utf8_bin DEFAULT NULL,
  `adate` date NOT NULL,
  `spare1` varchar(255) COLLATE utf8_bin DEFAULT NULL,
  `spare2` varchar(255) COLLATE utf8_bin DEFAULT NULL,
  PRIMARY KEY (`aid`)
) ENGINE=InnoDB AUTO_INCREMENT=41 DEFAULT CHARSET=utf8 COLLATE=utf8_bin;

-- ----------------------------
-- Records of admininfo
-- ----------------------------
INSERT INTO admininfo VALUES ('1', 'harswlgb', '0cc175b9c0f1b6a831c399e269772661', '13373733333', '2020-06-02', '备用字段', '备用字段');
INSERT INTO admininfo VALUES ('3', 'cong', '0cc175b9c0f1b6a831c399e269772661', '19865427643', '2020-06-02', '备用字段', '备用字段');
INSERT INTO admininfo VALUES ('4', 'lisi', '0cc175b9c0f1b6a831c399e269772661', '19745367541', '2020-06-02', '备用字段', '备用字段');
INSERT INTO admininfo VALUES ('5', 'ww', '0cc175b9c0f1b6a831c399e269772661', '10000000000', '2020-06-02', '备用字段', '备用字段');
INSERT INTO admininfo VALUES ('6', 'zhaoliu', '0cc175b9c0f1b6a831c399e269772661', '13647473388', '2020-06-02', '备用字段', '备用字段');
INSERT INTO admininfo VALUES ('7', 'song', '0cc175b9c0f1b6a831c399e269772661', '15151515151', '2020-06-08', null, null);
INSERT INTO admininfo VALUES ('31', 'gsn01', '0cc175b9c0f1b6a831c399e269772661', '18188888888', '2020-06-05', null, null);
INSERT INTO admininfo VALUES ('33', 'gsn02', '0cc175b9c0f1b6a831c399e269772661', '19956656336', '2020-06-06', null, null);
INSERT INTO admininfo VALUES ('34', 'gsn03', '0cc175b9c0f1b6a831c399e269772661', '18155656565', '2020-06-06', null, null);
INSERT INTO admininfo VALUES ('35', 'gsn04', '0cc175b9c0f1b6a831c399e269772661', '14444444444', '2020-06-06', null, null);
INSERT INTO admininfo VALUES ('36', 'gsn05', '0cc175b9c0f1b6a831c399e269772661', '18165659696', '2020-06-06', null, null);
INSERT INTO admininfo VALUES ('38', 'hl', '0cc175b9c0f1b6a831c399e269772661', '18816561212', '2020-06-07', null, null);

-- ----------------------------
-- Table structure for `commentinfo`
-- ----------------------------
DROP TABLE IF EXISTS `commentinfo`;
CREATE TABLE `commentinfo` (
  `cno` int(11) NOT NULL AUTO_INCREMENT,
  `eno` int(11) DEFAULT NULL,
  `mno` int(11) DEFAULT NULL,
  `cdesr` varchar(1000) COLLATE utf8_bin DEFAULT NULL,
  `cheat` int(100) DEFAULT NULL,
  `cdate` datetime DEFAULT NULL,
  `cstatus` int(11) DEFAULT NULL,
  `flag` int(11) DEFAULT NULL COMMENT '评论的结构层次 1 表示对主评论回复 2表示对1级的回复 依次类推',
  `spare1` varchar(255) COLLATE utf8_bin DEFAULT NULL,
  `spare2` varchar(255) COLLATE utf8_bin DEFAULT NULL,
  `showandhid` tinyint(4) DEFAULT NULL,
  PRIMARY KEY (`cno`)
) ENGINE=InnoDB AUTO_INCREMENT=60 DEFAULT CHARSET=utf8 COLLATE=utf8_bin;

-- ----------------------------
-- Records of commentinfo
-- ----------------------------
INSERT INTO commentinfo VALUES ('1', '1', '1', '天天', '99', '2020-06-07 14:57:45', '1', '1', null, null, '0');
INSERT INTO commentinfo VALUES ('2', '2', '1', '和', '88', '2020-06-07 14:58:06', '1', '1', null, null, '0');
INSERT INTO commentinfo VALUES ('3', '2', '1', '和', '909', '2020-06-07 14:58:28', '1', '1', null, null, '0');
INSERT INTO commentinfo VALUES ('4', '18', '2', '测试评论', '10', '2020-06-09 21:22:04', '1', '1', null, null, '0');
INSERT INTO commentinfo VALUES ('5', '18', '6', '测试评论2', '1', '2020-06-09 21:24:18', '1', '1', null, null, '0');
INSERT INTO commentinfo VALUES ('6', '18', '7', '测试评论2级回复', '2', '2020-06-09 21:30:17', '1', '2', '4', '', null);
INSERT INTO commentinfo VALUES ('7', '18', '8', '测试评论2级回复', '3', '2020-06-09 21:40:42', '1', '2', '4', '', null);
INSERT INTO commentinfo VALUES ('8', '18', '6', '测试评论2级回复', '1', '2020-06-10 14:04:41', '1', '2', '4', '', null);
INSERT INTO commentinfo VALUES ('9', '18', '6', '测试评论3级回复', '0', '2020-06-10 14:08:34', '1', '3', '4', '6', null);
INSERT INTO commentinfo VALUES ('10', '18', '7', '测试评论2级回复', '2', '2020-06-10 14:11:30', '1', '2', '5', '', null);
INSERT INTO commentinfo VALUES ('11', '18', '7', '3级回复', '2', '2020-06-10 16:46:22', '1', '3', '4', '9', null);
INSERT INTO commentinfo VALUES ('12', '18', '7', '测试用添加1级评论', '0', '2020-06-10 21:50:03', '1', '1', null, null, '0');
INSERT INTO commentinfo VALUES ('13', '18', '7', '测试1级评论gogog', '0', '2020-06-10 22:07:05', '1', '1', null, null, '0');
INSERT INTO commentinfo VALUES ('14', '18', '7', '测试1级评论gogog', '0', '2020-06-10 22:07:58', '1', '1', null, null, '0');
INSERT INTO commentinfo VALUES ('15', '18', '7', '一下午白写了', '0', '2020-06-11 15:19:31', '1', '1', null, null, '0');
INSERT INTO commentinfo VALUES ('20', '18', '3', '啊啊啊啊啊', '0', '2020-06-11 16:44:45', '1', '2', '12', null, null);
INSERT INTO commentinfo VALUES ('23', '18', '3', 'aaaaaaaaaaaaaaaaaaaaaaaaaaaaaaaaaaaaaaaaaaaaaaaaaaaaaaaaaaaaaaaaaaaaaaaaaaaaaaaaaaaaaaaa', '0', '2020-06-11 17:19:10', '1', '1', null, null, '0');
INSERT INTO commentinfo VALUES ('24', '18', '3', '看看会不会自动刷新数据', '0', '2020-06-11 22:53:39', '1', '1', null, null, '0');
INSERT INTO commentinfo VALUES ('25', '18', '7', '最终测试', '0', '2020-06-12 17:17:48', '1', '1', null, null, '0');
INSERT INTO commentinfo VALUES ('26', '18', '7', '最终测试1', '0', '2020-06-12 17:18:54', '1', '2', '25', null, null);
INSERT INTO commentinfo VALUES ('27', '18', '7', '冲啊 ', '0', '2020-06-12 17:19:30', '1', '3', '4', '11', null);
INSERT INTO commentinfo VALUES ('28', '18', '7', '我回复我自己', '0', '2020-06-12 17:24:11', '1', '3', '25', '26', null);
INSERT INTO commentinfo VALUES ('29', '17', '3', '从  啊啊', '0', '2020-06-12 18:54:04', '1', '1', null, null, '0');
INSERT INTO commentinfo VALUES ('30', '19', '3', '啊啊啊', '0', '2020-06-12 22:18:36', '1', '1', null, null, '0');
INSERT INTO commentinfo VALUES ('31', '18', '3', '测试', '0', '2020-06-12 23:09:23', '1', '3', '4', '27', null);
INSERT INTO commentinfo VALUES ('32', '21', '3', '那可真是太棒了哦', '0', '2020-06-13 11:42:16', '1', '1', null, null, '0');
INSERT INTO commentinfo VALUES ('33', '24', '6', '先给自己来一个评论', '0', '2020-06-13 15:32:38', '1', '1', null, null, '0');
INSERT INTO commentinfo VALUES ('34', '24', '3', '十三点', '0', '2020-06-14 13:36:36', '1', '2', '33', null, null);
INSERT INTO commentinfo VALUES ('35', '42', '3', '一级试试', '0', '2020-06-14 13:42:29', '1', '1', null, null, '0');
INSERT INTO commentinfo VALUES ('36', '42', '3', '二级试试', '0', '2020-06-14 13:42:41', '1', '2', '35', null, null);
INSERT INTO commentinfo VALUES ('37', '47', '6', 'go', '0', '2020-06-14 14:09:27', '1', '1', null, null, '0');
INSERT INTO commentinfo VALUES ('38', '18', '6', '冲', '0', '2020-06-14 14:10:32', '1', '3', '25', '28', null);
INSERT INTO commentinfo VALUES ('39', '40', '6', '测试评论1', '0', '2020-06-14 15:04:44', '1', '1', null, null, '0');
INSERT INTO commentinfo VALUES ('40', '18', '6', '评论二级回复', '0', '2020-06-14 15:05:43', '1', '2', '25', null, null);
INSERT INTO commentinfo VALUES ('41', '18', '6', 'Cheshire3级回复', '0', '2020-06-14 15:06:07', '1', '3', '25', '40', null);
INSERT INTO commentinfo VALUES ('42', '28', '6', '说的不错！', '0', '2020-06-21 13:24:20', '1', '1', null, null, '0');
INSERT INTO commentinfo VALUES ('43', '28', '3', '的确如此', '0', '2020-06-21 13:25:01', '1', '1', null, null, '0');
INSERT INTO commentinfo VALUES ('44', '28', '10', '讲的好，但我不喜欢华为手机', '0', '2020-06-21 13:26:24', '1', '2', '43', null, null);
INSERT INTO commentinfo VALUES ('45', '42', '6', '哈啊', '0', '2020-06-21 14:44:11', '1', '1', null, null, '0');
INSERT INTO commentinfo VALUES ('46', '42', '6', '二级', '0', '2020-06-21 14:44:33', '1', '2', '35', null, null);
INSERT INTO commentinfo VALUES ('47', '42', '6', '三级', '0', '2020-06-21 14:44:44', '1', '3', '35', '36', null);
INSERT INTO commentinfo VALUES ('48', '53', '6', '一级评论', '0', '2020-06-22 19:54:52', '1', '1', null, null, '0');
INSERT INTO commentinfo VALUES ('49', '42', '6', '二级评论', '0', '2020-06-22 19:55:26', '1', '2', '45', null, null);
INSERT INTO commentinfo VALUES ('50', '42', '6', '三级评论', '0', '2020-06-22 19:55:53', '1', '3', '35', '36', null);
INSERT INTO commentinfo VALUES ('51', '1', '6', 'go', '0', '2020-09-17 20:11:50', '1', '1', null, null, '0');
INSERT INTO commentinfo VALUES ('52', '1', '6', '1', '0', '2020-09-17 20:12:58', '1', '2', '1', null, null);
INSERT INTO commentinfo VALUES ('53', '1', '6', '1', '0', '2020-09-17 20:13:07', '1', '3', '1', '52', null);
INSERT INTO commentinfo VALUES ('54', '18', '6', '加油呀', '0', '2020-09-17 20:15:37', '1', '2', '15', null, null);
INSERT INTO commentinfo VALUES ('55', '19', '18', 'yhfzt', '0', '2020-09-17 20:33:42', '1', '1', null, null, '0');
INSERT INTO commentinfo VALUES ('56', '19', '18', 'yhfzt', '0', '2020-09-17 20:33:47', '1', '1', null, null, '0');
INSERT INTO commentinfo VALUES ('57', '19', '18', 'yhfzt', '0', '2020-09-17 20:33:48', '1', '1', null, null, '0');
INSERT INTO commentinfo VALUES ('58', '24', '18', 'a', '0', '2020-09-17 20:36:49', '1', '3', '33', '34', null);
INSERT INTO commentinfo VALUES ('59', '1', '6', 'aa', '0', '2020-10-06 17:24:52', '1', '2', '1', null, null);

-- ----------------------------
-- Table structure for `essayinfo`
-- ----------------------------
DROP TABLE IF EXISTS `essayinfo`;
CREATE TABLE `essayinfo` (
  `eno` int(11) NOT NULL AUTO_INCREMENT,
  `ename` varchar(100) COLLATE utf8_bin NOT NULL,
  `mno` int(11) DEFAULT NULL,
  `status` int(11) DEFAULT NULL,
  `edate` datetime DEFAULT NULL,
  `eheat` int(100) DEFAULT NULL,
  `epic` varchar(1000) COLLATE utf8_bin DEFAULT NULL,
  `edser` varchar(15000) COLLATE utf8_bin DEFAULT NULL,
  `tno` int(11) DEFAULT NULL,
  `spare1` varchar(255) COLLATE utf8_bin DEFAULT NULL COMMENT '备用字段',
  `spare2` varchar(255) COLLATE utf8_bin DEFAULT NULL,
  PRIMARY KEY (`eno`),
  KEY `FK_essaytyoe_tno` (`tno`),
  CONSTRAINT `FK_essaytyoe_tno` FOREIGN KEY (`tno`) REFERENCES `essaytype` (`tno`)
) ENGINE=InnoDB AUTO_INCREMENT=56 DEFAULT CHARSET=utf8 COLLATE=utf8_bin;

-- ----------------------------
-- Records of essayinfo
-- ----------------------------
INSERT INTO essayinfo VALUES ('1', '测试用文章1', '1', '4', '2020-06-02 22:11:38', '0', '../PhoneMark_images/79419c5e-89aa-419a-a6a1-aab075c6d60258605964_p0.jpg', '测试用文章内容', '1', null, null);
INSERT INTO essayinfo VALUES ('2', '苹果公司', '2', '2', '2020-06-06 21:31:49', '1', '无', '苹果手机拍卖会', '5', null, null);
INSERT INTO essayinfo VALUES ('3', '华为公司', '6', '2', '2020-06-07 21:40:07', '3', '无', '华为公司发布会', '10', null, null);
INSERT INTO essayinfo VALUES ('4', 'vivo手机', '6', '2', '2020-06-07 21:55:00', '4', '无', 'vivo手机拍照好看', '6', null, null);
INSERT INTO essayinfo VALUES ('5', '苹果11发布', '6', '2', '2020-06-07 21:56:41', '10', '无', '苹果11于xx发布', '5', null, null);
INSERT INTO essayinfo VALUES ('6', '华为Nova7', '6', '2', '2020-06-07 21:58:26', '11', '无', '华为Nova7智能', '10', null, null);
INSERT INTO essayinfo VALUES ('17', '测试用文章', '7', '1', '2020-06-09 00:02:59', '0', '../PhoneMark_images/81e6664f-4b7f-49e7-8186-95729622293556896581_p0.jpg', '<p><span style=\"font-size:36px\">测试用的文章</span></p>\r\n\r\n<p> </p>\r\n\r\n<p>能不能行呀</p>\r\n\r\n<p> </p>\r\n\r\n<p> </p>\r\n\r\n<p> </p>\r\n\r\n<p> </p>\r\n\r\n<p><img alt=\"\" src=\"../PhoneMark_images/4ef17ea6-6a30-4267-95b3-1b9ef47f103054580194_p0.jpg\" style=\"height:800px; width:1200px\" /></p>\r\n', '24', null, null);
INSERT INTO essayinfo VALUES ('18', 'gsn', '7', '1', '2020-06-09 20:57:04', '0', '../PhoneMark_images/79419c5e-89aa-419a-a6a1-aab075c6d60258605964_p0.jpg', '<p>冲啊</p>\r\n\r\n<p> </p>\r\n\r\n<p><img alt=\"\" src=\"../PhoneMark_images/493b627f-bcf8-47b7-90b5-93545b684b4f56896581_p0.jpg\" style=\"height:332px; width:664px\" /></p>\r\n', '10', null, null);
INSERT INTO essayinfo VALUES ('19', 'iosgoggo', '3', '1', '2020-06-12 22:12:33', '0', '../PhoneMark_images/fefd0a64-8af0-4004-98a1-f01def9160ae56896581_p0.jpg', '<p><img alt=\"\" src=\"../PhoneMark_images/b8efc293-9a42-4ab9-91f4-1cf83e040be154580194_p0.jpg\" style=\"height:332px; width:664px\" /></p>\r\n', '5', null, null);
INSERT INTO essayinfo VALUES ('20', 'v-html', '3', '1', '2020-06-12 22:20:21', '0', '../PhoneMark_images/253b97e2-f4c4-4529-8bc1-7fee94b033d658605964_p0.jpg', '<p>aaaaa</p>\r\n', '25', null, null);
INSERT INTO essayinfo VALUES ('21', '魅族17 | 小厂坚守的小而美', '10', '3', '2020-06-13 11:37:31', '999', '../PhoneMark_images/253b97e2-f4c4-4529-8bc1-7fee94b033d658605964_p0.jpg', '魅族17系列已经发布', '26', null, null);
INSERT INTO essayinfo VALUES ('22', '三星S20系列评测', '10', '4', '2020-06-13 11:40:52', '100', '../PhoneMark_images/253b97e2-f4c4-4529-8bc1-7fee94b033d658605964_p0.jpg', '三星S20评测', '4', null, null);
INSERT INTO essayinfo VALUES ('23', '在 iPhone 上装未验证应用，这些风险你能承担吗？', '6', '4', '2020-06-13 14:42:33', '0', '../PhoneMark_images/a0053bea-9b78-4c95-8a7c-111fc610e95a799d3f5d-ab2a-230f-7655-44430eddf0a8.png', '<p>「我想在手机上玩 GBA 游戏，App Store 里咋一款模拟器都找不到呢？」「我想在 iOS 上双开微信，有没有安装包」「有没有 XX App 的免费破解版？」相信有许多 iPhone 用户都有过这样的疑惑，在 Android 下可以随意安装的应用在 App Store 中却找不到。</p>\r\n\r\n<p>Android 往往只要一个 APK 包就能随意安装各类应用，如何在 iOS 下自由安装应用，这也是不少 Android 转 iOS 用户的疑惑。有人找到了所谓「简单方便」的第三方应用商店，甚至还能安装各种破解软件。它们都通过网站直接下载并安装企业级证书实现，然而实际上这类应用往往伴随着极高的风险。</p>\r\n\r\n<p>今天就给大家详细讲讲，<strong>为什么不建议大家在 App Store 以外的第三方渠道安装应用</strong>，这些应用市场背后的故事，以及安装第三方应用的风险。</p>\r\n\r\n<h2>何为 iOS 第三方应用市场</h2>\r\n\r\n<p>许多人习惯性地认为，由于 iOS 权限的封闭，下载应用的唯一途径就是 App Store。但实际上也有一些 iOS 的第三方应用市场。<img alt=\"\" src=\"../PhoneMark_images/d958482d-671c-49bd-b720-2e02ceade4bb5735f0a8e06e250b3987c7777ba27163.png\" style=\"height:332px; width:664px\" /></p>\r\n', '5', null, null);
INSERT INTO essayinfo VALUES ('24', '40000 字、100 张配图，教你如何用 iPhone 拍出好照片 & 视频：iPhone 相机完全操作指南 2.0', '6', '4', '2020-06-13 14:59:33', '0', '../PhoneMark_images/2ee39b3a-76fc-40f4-878b-26cb5a0f017b4dfab5b7-0d3d-ad0e-4bf4-ab166c8e94bf.jpg', '<h2><strong>写在前面</strong></h2>\r\n\r\n<p> </p>\r\n\r\n<p>之所以叫做《iPhone 相机完全操作指南 2.0》是因为在这之前，我已经写过一篇 <a href=\"https://sspai.com/post/41952\" target=\"_blank\">比较详尽的 iPhone 相机操作指南</a>。这篇文章目前在全网的阅读量已经将近一千万（还不包括各种未授权的转载抄袭和盗窃），也让我在知乎获得超过 30000 个赞。</p>\r\n\r\n<p> </p>\r\n\r\n<p>有意思的是，这篇文章本没有在我的计划之中。是我有一天在咖啡厅中，偶然看到一个人在使用 iPhone 拍摄的时候，竟然在疑惑 iPhone 相机上出现的两个十字是什么意思。</p>\r\n\r\n<p> </p>\r\n\r\n<p>于是，我突然想说，不如就写一篇 iPhone 相机的完全操作指南，把 iPhone 相机上的所有功能都林林总总地全部梳理一下。让任何一个普通人，都可以拿起 iPhone 拍摄自己喜欢的照片，更好的记录下自己生命中的美好瞬间。</p>\r\n\r\n<p> </p>\r\n\r\n<p><img alt=\"\" src=\"../PhoneMark_images/8117770c-85df-4bec-86c9-5387f72b3fe27f82f28bca4cb5d2b3306ad7942e389a.jpg\" style=\"height:885px; width:664px\" /></p>\r\n\r\n<p> </p>\r\n\r\n<p>但是回想起来，离这篇文章发布已经是两年以前了。今天的手机摄影已经是一个人人皆知的概念，使用手机拍照几乎对每个人来说都已经像是吃饭一样寻常的事。</p>\r\n\r\n<p> </p>\r\n\r\n<p>所以，我知道是时候该重新开始，写下这一篇《iPhone 相机完全操作指南 2.0》。</p>\r\n\r\n<p> </p>\r\n\r\n<p>我很清楚，想要再次达到上一篇文章的传播高度是远不可能了。但是没有关系，只要你在这篇文章中可以获得一些拍摄的动力，又或者是一些拍摄的技术，从而能够用 iPhone 自信地享受拍照的乐趣，这就是它所有的意义。</p>\r\n\r\n<p> </p>\r\n\r\n<p>需要说明的是，本篇文章由我 Derrick 和 Jamie Hua 一起完成。Jamie 是去年 IPPA 的年度摄影师第二名，他的作品给了我很多启发。</p>\r\n\r\n<p> </p>\r\n\r\n<p><img alt=\"\" src=\"../PhoneMark_images/c12dc54b-b3bb-4de7-9fe3-699154c03c69922a786ace3a3be65d10c64dbf30892c.png\" style=\"height:885px; width:664px\" /></p>\r\n\r\n<p> </p>\r\n\r\n<p> </p>\r\n\r\n<p>所以这一次，由我来完成文章的文字部分，而文中绝大多数的配图来自 Jamie 多年以来的 iPhone 摄影作品，旨在帮助大家不仅在技术，也在审美上有所提高。</p>\r\n\r\n<p> </p>\r\n\r\n<p>在开始之前，我先来说说这篇文章的结构，可以预见的是这是一篇 40000 字左右的文章，所以为了能够让大家有一个非常清晰的头绪，这里提供一个本篇文章的结构图。你可以自如地选择阅读节奏。</p>\r\n\r\n<p> </p>\r\n\r\n<p><img alt=\"\" src=\"../PhoneMark_images/f0d63e99-fc79-46b7-8f3d-8d475c448cb88ffd72b4829061ad91309f892ea3e63f.png\" style=\"height:589px; width:664px\" /></p>\r\n\r\n<p> </p>\r\n\r\n<p>另外，考虑到它的体量，我们制作了一本电子书，这样你可以更好的选择阅读场景。关注「果核 Group」公众号，我们将于稍后在平台分享电子书链接。</p>\r\n\r\n<p> </p>\r\n\r\n<p>我们诚挚的希望你可以在文章发布的平台尽可能的评论，点赞，分享，这是我们创作的最大动力。</p>\r\n\r\n<p> </p>\r\n\r\n<p>那么我们开始吧。</p>\r\n\r\n<p> </p>\r\n\r\n<h2>硬件</h2>\r\n\r\n<p>文中的硬件，我们会用目前两款最新型号的 iPhone 作为一个举例。在这里分别是 iPhone XS Max 以及 iPhone XR。因为这也是最近一段时间，我和 Jamie 使用最为频繁的两款手机。</p>\r\n\r\n<p> </p>\r\n\r\n<p>但是，如果你是 iPhone 的其他机型，也没有必要担心，只要是 iPhone 7 Plus 以后的机型基本上就适用。如果是比 iPhone 7 Plus 更老的机型，那么本篇文章的前半部硬件部分就会有差异，但是应用问题差异很小。</p>\r\n\r\n<p> </p>\r\n\r\n<h3>传感器</h3>\r\n\r\n<p> </p>\r\n\r\n<p>这是一个摄影不必要知识，但是却是一个在购买手机或者是了解摄影原理的重要知识。在这里可以回答两个经常被讨论的问题：</p>\r\n\r\n<p> </p>\r\n\r\n<p><strong>1. 手机摄影的画质是否可以和相机的画质相提并论呢？</strong></p>\r\n\r\n<p> </p>\r\n\r\n<p>要回答这个问题之前，我们只要简单了解我们相机是由哪些部分组成的即可。目前市场上所有的在售的叫做「相机」的电子设备，无论是几十万还是几十块他们的基本原理都是相同的。大致可以抽象为下图：</p>\r\n\r\n<p> </p>\r\n\r\n<p><img alt=\"\" src=\"../PhoneMark_images/382ba9bd-b427-407d-9def-337dba7cf40510ee0a6e3c6ea39a818183a566a44315.jpg\" style=\"height:434px; width:664px\" /></p>\r\n\r\n<p> </p>\r\n\r\n<ul>\r\n	<li>a：进光的小孔，可以让光线进入。一般来说，这里我们现在使用各种各样的镜头来控制光线</li>\r\n	<li>b：记录光线的元件。这部分是把我们的光线记录下，以前使用的是胶片。但是现在我们基本上都是使用一种叫做「CMOS」的传感器。</li>\r\n	<li>c：密封的盒子，一方面是保证光线不泄漏，一方面也是保证其他光线不要干扰。</li>\r\n</ul>\r\n\r\n<p>那么这其中，最能决定一个相机本质的是什么呢？也就是 b 部分，相机的传感器，而决定的原理也非常简单：</p>\r\n\r\n<p> </p>\r\n\r\n<p><strong>「传感器的面积越大，画面的质量也就越好。」</strong>这也是市面上相机分等级的重要指标。但是目前我们手机和相机的传感器尺寸差异巨大，有数倍大小。所以我们不要希望手机在画质的比赛中赢过相机。因为这本身就没有可比性。</p>\r\n\r\n<p> </p>\r\n\r\n<p>但目前的网络环境来说，手机的画质已经足够满足传播的需求。</p>\r\n\r\n<p> </p>\r\n\r\n<p><strong>2.是不是手机的像素越高越好呢？</strong></p>\r\n\r\n<p> </p>\r\n\r\n<p><strong><img alt=\"\" src=\"../PhoneMark_images/da829288-5380-47a0-837c-7b4e8046324805d11da99a42c0c08662b10c8bbe7bf1.jpg\" style=\"height:885px; width:664px\" /></strong></p>\r\n\r\n<p> </p>\r\n\r\n<p>答案是完全否定的，<strong>手机的像素完全和画质没有关系。</strong>这其中原理的不过多解释。但是每次提到这个话题，我都会直接一个案例：</p>\r\n\r\n<p> </p>\r\n\r\n<p>大家熟知的一句广告语叫做「前后两千万」，这里标榜自己这台机器的像素高达 2000 万。但是目前最顶级的旗舰全画幅相机，像素也是 2000 万左右，而机器的价格是 30000 元人民币左右。你觉得二者的画质，是在一个水平吗？</p>\r\n\r\n<p> </p>\r\n\r\n<p>那么高像素的优点到底是什么？其实像素本质上代表的是分辨率，越高的分辨率意味着我们可以更多的放大照片，这样与此同时画面还是依然清晰的。这带来了一个隐形优势，裁切照片可以有更多的空间。</p>\r\n\r\n<p> </p>\r\n\r\n<p>而高像素的劣势也十分明显，首先是归于庞大的数据量。以及同尺寸大小的传感器，像素多，信号之间的干扰强，高感性能差等等。</p>\r\n\r\n<p> </p>\r\n\r\n<p> </p>\r\n\r\n<h3>第一颗镜头</h3>\r\n\r\n<p> </p>\r\n\r\n<p>今年的 iPhone 产品线出现了两款手机，分别是 iPhone XS Max 和 iPhone XR。其中，iPhone XR 只有一颗镜头。但是两者的第一颗镜头的硬件素质是完全一致的。它们都是一颗<strong>等效焦距为 26mm 、ƒ/1.8 的定焦广角镜头。</strong></p>\r\n\r\n<p><img alt=\"\" src=\"../PhoneMark_images/c0d17be4-eef8-471a-8969-58e0a2bb731e2a3cc9c036b4e18eb8e405e7fc2de0b9.jpg\" style=\"height:885px; width:664px\" /></p>\r\n\r\n<p> </p>\r\n\r\n<p>其它 iPhone 机型，只要近几代基本上硬件参数的原理是一致的，所以后文提到内容都是适用的。在这句话中，我们最需要谨记的就是一颗镜头为广角镜头。因为广角镜头最大的一个问题就是会存在「明显的畸变」。这个畸变我们要再一次敲黑板了。因为很多手机摄影的入门用户，会在这里栽不少跟头。因为这是男朋友拍照的最大陷阱：<strong>广角畸变可以影响一个姑娘的身材以及脸部变形。</strong></p>\r\n\r\n<p> </p>\r\n\r\n<p>由于广角镜头的天然畸变，所以在靠近画面边缘的部分造成拉长的效果。相反，在画面中央的部分，就会有着压缩的效果。因此我们如何控制好画面中的人物站位，就决定了人物的身材比例。</p>\r\n\r\n<p> </p>\r\n\r\n<p>比如，你把模特的腿部放在画面中央就是一种典型的「自杀行为」。以此类推，如果你不希望你的女朋友「变形的长」，就一定不要把脸放在画面的边缘。</p>\r\n\r\n<p> </p>\r\n\r\n<p>但是这样的特性，如果被我们加以利用往往也可以好作用。比如，做一个男朋友应该谨记于心的操作方式：</p>\r\n\r\n<p> </p>\r\n\r\n<p>将模特腿部放在画面的底部，并稍微仰一点的低角度拍摄就可以获得一双长腿。如果女朋友还不满意，别急，我还有一招，这就是手机倒转，这样镜头的位置会更低一些，腿也会更加的长一些。但是切记不要顾此失彼，注意脸的位置。</p>\r\n', '5', null, null);
INSERT INTO essayinfo VALUES ('25', '生命不息，折腾不止：魅族 MX4 折腾指南', '10', '1', '2020-06-13 17:40:20', '0', '../PhoneMark_images/7ca88de2-c827-4fcc-9627-a16585e6b947203132.png', '<p>虽然标题起的很气派，但内容却是非常小众。试问在日渐完善的 Android 生态链中，谁会整天想着干掉 SmartBar，又有谁在拿到新机的第一时间获取 Root 权限呢？看似否认回答居多的问题，其实真的有那么一小撮人在坚持着。正是因为小众，这篇文章才更应该存在，让同样被视定义为「小众」的同学从中找到久违的归属感。</p>\r\n\r\n<p> </p>\r\n\r\n<p> </p>\r\n\r\n<h2>1. 无痛安装 Google 服务框架</h2>\r\n\r\n<p> </p>\r\n\r\n<p>由于相关法律政策原因，目前魅族已经在最新的固件包中删除了 Google 服务框架。当然，这并不意味着什么，我们仍然能在魅族手机上使用 Google 相关的应用，你甚至不需要获取 Root 权限就能完成整个操作步骤：</p>\r\n\r\n<p> </p>\r\n\r\n<ol>\r\n	<li>打开魅族自带的应用商店，根据自己的手机型号下载对应的 <a href=\"http://app.meizu.com/apps/public/search?keyword=%E8%B0%B7%E6%AD%8C%E5%AE%89%E8%A3%85%E5%99%A8\" target=\"_blank\">Google Installer 谷歌安装器</a>；</li>\r\n	<li>打开应用，点击屏幕下方的「开始安装」，确认安装后，手机就会自动重启并进入安装模式，整个过程大概需要 2-4 分钟，请耐心等待。</li>\r\n	<li>设备重启后，安装并打开任一 Google 应用，系统就会自动弹出 Google 帐号登录页面，成功登录后即可正常使用。</li>\r\n</ol>\r\n\r\n<h2> </h2>\r\n\r\n<h2>2. 获取完整 Root 权限</h2>\r\n\r\n<p> </p>\r\n\r\n<p>从 MX2 开始，魅族就在系统中内置了「系统权限」的开关选项，输入 Flyme 帐号密码即可获得 Root 权限。令人烦恼的是，MX4 自带的 Root 权限并不完整，系统设置页已显示「系统权限已开启」，可 RE管理器、钛备份等应用依然无法正常工作。详见下图 ▼</p>\r\n\r\n<p> </p>\r\n\r\n<p><img alt=\"\" src=\"../PhoneMark_images/5af71cc5-ef00-4669-b6f1-59227f0446fb791871ffjw1emjktyifk7j20qo18gdhw.jpg\" style=\"height:553px; width:332px\" /><img alt=\"\" src=\"../PhoneMark_images/39065bbd-bdfa-41b4-831c-cee6ef663e5c791871ffjw1emjku27xltj20qo18g41y.jpg\" style=\"height:553px; width:332px\" /></p>\r\n\r\n<p> </p>\r\n\r\n<p>以下是具体教程，其实也没什么特别的，就是在获取 Root 权限之后，用 KingUser 接管罢了：</p>\r\n\r\n<p> </p>\r\n\r\n<ol>\r\n	<li>清除数据，恢复出厂设置；</li>\r\n	<li>登录 Flyme 帐号，依次进入「系统设置 - 帐号 - 个人昵称 」页面，点击「开放系统权限」，输入 Flyme 密码，等待手机重启；如果你需要安装 Google 服务框架，请在安装完毕后再执行此步骤，因为在安装 Google 服务框架的同时，系统会自动关闭 Root 权限。</li>\r\n	<li>成功获取 Root 权限后，请你在第一时间下载安装「KingUser」权限管理器（<a href=\"http://www.kingroot.net/down#root\" target=\"_blank\">点我下载</a>）。</li>\r\n	<li>打开应用， 在授予其 Root 权限后，KingUser 就会自动接管 Flyme 4.0 的 Root 权限管理。</li>\r\n</ol>\r\n\r\n<p> </p>\r\n\r\n<p>就我这些天的搜索结果来看，魅族MX4 Root 权限不完整应该只是个别现象。可能是我格外倒霉吧，这些千分之几的几率总是能让我碰上。</p>\r\n\r\n<p> </p>\r\n\r\n<p> </p>\r\n\r\n<h2>3. 让新浪微博、支付宝不再强制适配 SmartBar</h2>\r\n\r\n<p> </p>\r\n\r\n<p>智能隐藏 SmartBar 虽然避免了「双底栏」的尴尬，但它并不能让等已适配 SmartBar 的应用恢复原貌，无论是新浪微博还是手机淘宝客户端，明明一次点击就能完成的操作，我大魅族硬是要你多点几下。</p>\r\n\r\n<p> </p>\r\n\r\n<p>说了一大段有的没的，也是时候放出教程了。若然你觉得这样的安排并没有任何不妥，直接跳过即可。</p>\r\n\r\n<p> </p>\r\n\r\n<p><strong>准备工作：</strong></p>\r\n\r\n<p> </p>\r\n\r\n<ol>\r\n	<li>设备已 Root（系统设置 - 账户 - 用户昵称 - 系统权限）</li>\r\n	<li>打开「智能隐藏 SmartBar」功能选项（系统设置 - 辅助功能 - 智能隐藏 SmartBar）</li>\r\n	<li>安装 RE管理器（<a href=\"http://www.coolapk.com/apk/com.speedsoftware.rootexplorer\" target=\"_blank\">点击下载</a>）</li>\r\n</ol>\r\n\r\n<p> </p>\r\n\r\n<p><strong>具体操作：</strong></p>\r\n\r\n<p> </p>\r\n\r\n<ol>\r\n	<li>打开 RE 管理器，挂载为读写；</li>\r\n	<li>进入 /system 目录，找到 build.prop 文件，长按 - 用文本编辑器打开；</li>\r\n	<li>找到 ro.meizu.has_smartbar，将等号后面的「ture」改成「false」；</li>\r\n	<li>保存关闭，重启设备，大功告成。</li>\r\n</ol>\r\n\r\n<p> </p>\r\n\r\n<p>方法由微博用户<a href=\"http://weibo.com/hcpp01\" target=\"_blank\">@CRAZy_COoo</a> 提供，亲测有效。</p>\r\n\r\n<p> </p>\r\n\r\n<h2>4. 给手机截屏带个套</h2>\r\n\r\n<p> </p>\r\n\r\n<p>正所谓一图胜千言，与其每月花十块钱开个会员自定义微博尾巴，倒不如在上传应用截图时，为其套上一个独树一帜的机型外壳。同样是装逼，如此有格调又免费的方式，你又有什么理由拒绝呢？</p>\r\n\r\n<p> </p>\r\n\r\n<p>这类的「带壳截图」应用少数派也介绍过不少，其中也不乏 Device Frame Generator、Perfect Screenshot 之类的精品，可惜内置机型中都看不到魅族机器的身影。即便你不介意套上其他机型的外壳，也不得不受限于魅族机器一向奇葩的分辨率。</p>\r\n\r\n<p> </p>\r\n\r\n<p>由于个人比较喜欢这类图片处理工具，加之工作的时候也经常用到它，所以我就用一顿午饭「收买」了我派的 Android 工程师，将手头上的魅族机型素材以图片的形式添加到 Device Frame Generator 中，成果尚可，除去最新发布的 MX4 Pro，这家伙几乎囊括了魅族 MX 系列的所有机型设备。效果见下图</p>\r\n\r\n<p> </p>\r\n\r\n<p><img alt=\"\" src=\"../PhoneMark_images/02ba35cd-e38c-4a75-8a75-e723a9cd915e203122.png\" style=\"height:561px; width:332px\" /><img alt=\"\" src=\"../PhoneMark_images/1eaca3be-611a-482b-9e02-c9d792699620791871ffjw1en82r6mnydj20qa18g43h.jpg\" style=\"height:562px; width:332px\" /></p>\r\n\r\n<p><img alt=\"\" src=\"../PhoneMark_images/c77ae0f7-98e9-4915-9355-6cfff4a19c4c791871ffjw1en82rithlej20qa18gjw1.jpg\" style=\"height:562px; width:332px\" /><img alt=\"\" src=\"../PhoneMark_images/e84eb7e3-233c-4630-9ab4-a154f1347ac7791871ffjw1en82ql7oofj20qa18gwhg.jpg\" style=\"height:562px; width:332px\" /></p>\r\n\r\n<p> </p>\r\n\r\n<p>修改后的 Device Frame Generator 目前支持的机型如下：</p>\r\n\r\n<p> </p>\r\n\r\n<ul>\r\n	<li>魅族：MX2 (白)、MX3 (白)、MX4 (黑色)</li>\r\n	<li>谷歌：Galaxy Nexus、Nexus 4、Nexus 5、Nexus 6、Nexus 7 (2013)、Nexus 9</li>\r\n	<li>小米：2S、红米Note、4 (黑白两色)</li>\r\n	<li>索尼：Z1</li>\r\n	<li>一加：OnePlus One</li>\r\n	<li>锤子：Smartisan T1</li>\r\n</ul>\r\n\r\n<p> </p>\r\n\r\n<p> </p>\r\n\r\n<p>应用下载：<a href=\"https://sspai.com/t/2744\" target=\"_blank\">《少数派特供：DFG 带壳截图 0.1》</a></p>\r\n', '26', null, null);
INSERT INTO essayinfo VALUES ('26', '发现更多美：vivo X23 上手体验', '10', '1', '2020-06-13 19:04:19', '0', '../PhoneMark_images/8d5e175d-f084-4912-a405-d953a06078d609ce43e20cb7283f9b5151a57f87e998.jpg', '<p>2018 年上半年，最惊艳的两款国产全面屏手机，非 vivo NEX 和 OPPO Find X 莫属了。NEX 的开创性的带来了全自动升降式摄像头的全面屏解决方案，赢得无数好评。昨天，vivo 又发布了它们下半年最重要的旗舰产品：vivo X23。</p>\r\n\r\n<p> </p>\r\n\r\n<p> </p>\r\n\r\n<p>vivo 和 OPPO 是网友长期以来饱受质疑的两个品牌，NEX 和 Find X 的出现，一改大家对它们的固有印象，那么作为 vivo 的常规化升级的旗舰产品，X23 又怎么样呢？</p>\r\n\r\n<p> </p>\r\n\r\n<h2>外观</h2>\r\n\r\n<p> </p>\r\n\r\n<p>传统的「美人尖」手机，就只是很直接的给手机的额头挖了个孔，虽说的确是比「刘海儿」的面积更小，但是也谈不上什么美感，甚至还有几分突兀。为了降低这种突兀感，坚果 R1 甚至在渲染图上，直接用了一张黑色的锁屏壁纸，用以弱化这个「美人尖」。</p>\r\n\r\n<p> </p>\r\n\r\n<p>而且，无论是 Essential Phone 还是坚果 R1，它们的下巴都非常宽，所以即便是用上了比「刘海儿」更小的美人尖，也很难做</p>\r\n\r\n<p> </p>\r\n\r\n<p><img alt=\"\" src=\"../PhoneMark_images/f78f0258-e8cf-4ecd-bb7e-f68be828092ad36a1c253a2cce1528f1be602c53d398.jpg\" style=\"height:314px; width:664px\" /></p>\r\n\r\n<p> </p>\r\n\r\n<p> </p>\r\n\r\n<p>R17 和 X23 采用的「水滴屏」的设计，则更加圆润和灵动，在视觉上就更加讨好眼球了。结合系统内置的炫彩动态壁纸，壁纸在流动的时候，额头真有几分水滴跃跃欲滴的感觉，很有质感。</p>\r\n\r\n<p> </p>\r\n\r\n<p><img alt=\"\" src=\"../PhoneMark_images/73cf9613-860e-4e05-9033-33b2e6779f54a5b06f91163f6a59d215a5f86b6de66b.jpg\" style=\"height:314px; width:664px\" /></p>\r\n\r\n<p> </p>\r\n\r\n<p> </p>\r\n\r\n<p>vivo X23 的「小水滴」较 R17，面积更小。而且会让你感觉到，水滴悬在半空，积蓄的时间更长，处在一种欲滴未滴的状态。</p>\r\n\r\n<p> </p>\r\n\r\n<p>实际上，X23 的额头上还夹着一条细细的隐藏式天线，其顶部的边框与左右两侧边框也并不是等宽的，顶部边框会稍宽一些。但是顶部边框的两侧做了收窄的处理，此外，还有一部分的宽度承接在了红色的背盖上面（我上手这台为红紫色，官网名称为：魅影紫），所以进一步消减了顶部黑色边框的宽度，会让你误以为左、右、上三边等宽，视觉上非常统一。</p>\r\n\r\n<p> </p>\r\n\r\n<p><img alt=\"\" src=\"../PhoneMark_images/7ee8b756-cfbc-4bf0-8c63-b5e5c96e70b3bb9a5e0a76c8c3b820f4fee872099e6e.jpg\" style=\"height:314px; width:664px\" /></p>\r\n\r\n<p> </p>\r\n\r\n<p>传统的「美人尖」手机，下巴普遍较宽，然而 X23 的下巴却做得极窄，比 R17 窄，同样，也比自家的旗舰 NEX 窄。官方宣称，X23 下巴宽度仅为 3.8mm，这<s>可能</s>是迄今为止下巴最窄的 COF 封装工艺的全面屏手机了。</p>\r\n\r\n<p> </p>\r\n\r\n<p><img alt=\"\" src=\"../PhoneMark_images/a0d445ea-35f4-4486-9699-eddbab01f1b83240f72a63b4f8051a83bec3353782bb.jpg\" style=\"height:291px; width:664px\" /></p>\r\n\r\n<p> </p>\r\n\r\n<p>X23 背部采用了一块 3D 弧面玻璃，魅影紫的渐变色，实际上更多的区域还是红色的光泽，红色从右上角到左下方逐渐过渡为紫色，在阳光下不同角度会呈现处不同的光晕色泽。</p>\r\n\r\n<p> </p>\r\n\r\n<p><img alt=\"\" src=\"../PhoneMark_images/c7351bad-246f-415a-b470-4e51f49beb427b38f826f078e4b07409b3fcb7f99784.jpg\" style=\"height:314px; width:664px\" /></p>\r\n\r\n<p> </p>\r\n\r\n<p>当然，本次发布会最大的彩蛋，莫过于即将在国庆节开售的 vivo LOGO PHONE 了：</p>\r\n\r\n<p> </p>\r\n\r\n<p><img alt=\"\" src=\"../PhoneMark_images/86748e96-4e70-4c42-9200-ecc02de2c7f76b89db7056d3bd1d480d4b8d9a21f70f.jpg\" style=\"height:314px; width:664px\" /></p>\r\n\r\n<p> </p>\r\n\r\n<h2>解锁</h2>\r\n\r\n<p> </p>\r\n\r\n<p>vivo 官方数据表示，vivo 屏幕指纹手机已累计出货量超过 200 万台。vivo X20 Plus 屏幕指纹版全球首发屏幕指纹技术，到之后的 X21 屏幕指纹版、NEX 旗舰版，发展到现在的 X23，已经是 vivo 的第四代光电屏幕指纹了。X23 在前几代的基础上，还新增了一套水滴样式的屏幕指纹解锁动效，与「水滴屏」的外观设计相得益彰。</p>\r\n\r\n<p> </p>\r\n\r\n<p> </p>\r\n\r\n<p>                                          <img alt=\"\" src=\"../PhoneMark_images/93c86bc8-c881-4416-8ddc-68504b7834b2c3d88ab4e96b9bbec8637aebb37b47c7.gif\" /></p>\r\n\r\n<p> </p>\r\n\r\n<p>需要强调的是，X23 除了屏幕解锁以外，还集成了「红外双通」的红外面部识别，官方称之为「零光感人脸识别」。由于 X23 额头「小水滴」的面积过小，只能塞下一颗前置相机，红外面部识别所需要的红外线传感器就只能放在相机后面。我们知道，由于相机成像的需要，相机只能接收赤橙红绿青蓝紫这些可见光，红外线、紫外线这种不可见光会对相机成像造成污染，所以红外线、紫外线必须阻隔在相机外面，无法穿透相机镜片。但是「红外双通」技术就可以在不牺牲画质的前提下，让红外线穿透相机，抵达后面的红外线传感器。有了红外面部识别，X23 就实现了24小时全天候的面部解锁。</p>\r\n\r\n<p> </p>\r\n\r\n<p><img alt=\"\" src=\"../PhoneMark_images/daec568d-67be-465b-86f4-d9a31413cb7f9ec320bc8f58ad2febf326e4a3677456.jpg\" style=\"height:369px; width:664px\" /></p>\r\n\r\n<p> </p>\r\n\r\n<p>在系统设置种，vivo 还让屏幕指纹解锁与红外面部解锁可以同时组合工作，很多时候你可能在用指纹解锁，实际上这个时候解锁你手机的，可能是面部。当然，如果你觉得安全度就此降低，也可以在设置中关闭这个开关。在解锁时，屏幕四周还有一圈炫酷的光效，初期上手时我还以为是一石二鸟之计：既为了美观，也给面部识别带来了补光的作用。后来发现，X23 的面部识别，完全不用补光，半夜两三点，室内全黑的环境下也能快速的解锁。</p>\r\n\r\n<p> </p>\r\n\r\n<p><img alt=\"\" src=\"../PhoneMark_images/8635e547-6e6d-43f5-8760-add7e39c179dc8588cf3debdccc4d6176c9d7cbd07e7.jpg\" style=\"height:314px; width:664px\" /></p>\r\n\r\n<p> </p>\r\n\r\n<h2>拍照</h2>\r\n\r\n<p> </p>\r\n\r\n<p>市面上主流的双摄像头手机，最核心两大功能就是「背景虚化+光学变焦」，在 vivo X23 上面，没有光学变焦的功能，弥补常规双摄像头手机「光学变焦」功能的，就是 X23 的大杀器：125°超广角。上手使用的时间较短，直接拿一组样张，给大家对比一下超广角模式与普通模式：</p>\r\n\r\n<p> </p>\r\n\r\n<p><img alt=\"\" src=\"../PhoneMark_images/cd2412f5-2067-4854-9372-33bb84a7d4a76b1af85f88f7f2a04b0c08a807846bea.png\" style=\"height:306px; width:664px\" /></p>\r\n\r\n<p> </p>\r\n\r\n<h2>小结</h2>\r\n\r\n<p> </p>\r\n\r\n<p> </p>\r\n\r\n<p>只有在技术上长期默默的耕耘，才能创造出像 NEX 那样的革命性产品。作为大规模走量的旗舰机型，X23 全系列标配 8+128G 内存，没有低配版、青春版；敢于在机身上印上大大的 vivo Logo，这一系列的动作，看得出来，vivo 越来越沉稳自信了。</p>\r\n\r\n<p> </p>\r\n\r\n<p> </p>\r\n\r\n<p>说回到产品，X23 水滴屏时尚外观的背后，还隐藏着双通红外，和将下巴做到极窄的高难度工艺。同时，还不乏像第四代光电屏幕指纹、125°超广角这样的爆点功能。这样的 vivo X 系列产品，你喜欢吗？</p>\r\n\r\n<p> </p>\r\n', '6', null, null);
INSERT INTO essayinfo VALUES ('27', '华为 P30 Pro 顺畅体验背后的秘密：一文看懂 EMUI 9.1 两大核心优化', '12', '1', '2020-06-13 19:20:27', '0', '../PhoneMark_images/f3df581f-41c3-4fef-ada1-c2bc251007f09628218a-8dd8-1311-1729-adafe8e2c555.jpg', '<p>从 Android 手机正式铺货的那一天起，「卡顿」「变慢」和「不跟手」等词语便像鬼魂一样如影随形，出现在了许多普通用户的评价和抱怨里。</p>\r\n\r\n<p>为了解决这类问题，扭转一些人的「刻板印象」，无论是谷歌自己还是稍有实力的手机厂商，都在通过各种方式优化 Android 的性能和流畅度。作为一家以研发实力见长的科技公司，华为也在系统层面的优化上投入了大量精力，这其中的一些技术甚至已经被谷歌等采纳，惠及了整个 Android 生态。</p>\r\n\r\n<p>而这一次，随着 HUAWEI P30 系列的正式发布，EMUI 9.1 也正式揭开了它的面纱。虽然表面上只多了一个小数点，但 EMUI 其实又引入了不少有针对性的「黑科技」，想在「不卡顿」这条道路上走得更远。</p>\r\n\r\n<h2>从 F2FS 到 超级文件系统（EROFS）</h2>\r\n\r\n<p>「文件系统」并非是一个时常出现的名词；但如果你格式化过 U 盘，或许会对「FAT32」、「NTFS」等英文词语有所耳闻：对，这些都是「文件系统」。</p>\r\n\r\n<p> </p>\r\n\r\n<p><img alt=\"Windows 中的文件系统\" src=\"https://cdn.sspai.com/2019/04/25/c812d9cea4413f04d8ae4d208b0f2286.png?imageView2/2/w/1120/q/90/interlace/1/ignore-error/1\" style=\"width:400px\" title=\"Windows 中的文件系统\" /></p>\r\n\r\n<p>Windows 中的文件系统</p>\r\n\r\n<p> </p>\r\n\r\n<p>文件系统决定了磁盘管理文件的方式——整个磁盘就好像一个偌大的图书馆，而数据就像是图书馆里的书；新进的书该如何存放，要找的旧书又插在哪个架子上，该处理掉的书要移动到哪个区域，这些都是文件系统所需要处理的日常。</p>\r\n\r\n<p>所以文件系统的效率将直接影响到文件的读取和写入，进而影响应用的启动、内容的加载、缩略图的刷新等方方面面。</p>\r\n\r\n<p><strong>因此，文件系统读写性能的优劣将对系统流畅与否起到至关重要的作用。</strong></p>\r\n\r\n<p>而在文件系统上下手则可以说是从根本上进行优化了。早在 2012 年，三星等厂商就推出了 F2FS 文件系统，其专门为闪存芯片而设计，相较诞生于机械硬盘时代的 EXT4 文件系统，在随机读写——尤其是写入时，有着压倒性的性能优势。对于智能手机而言，这无疑是重大利好。</p>\r\n\r\n<p> </p>\r\n\r\n<p><img alt=\"来源：F2FS: A New File System Designed for Flash Storage in Mobile，Joo-Young Hwang\r\n\" src=\"https://cdn.sspai.com/2019/04/25/d08f2543206978f9f83756b816b9e344.png?imageView2/2/w/1120/q/90/interlace/1/ignore-error/1\" style=\"width:700px\" title=\"来源：F2FS: A New File System Designed for Flash Storage in Mobile，Joo-Young Hwang\r\n\" /></p>\r\n\r\n<p>来源：F2FS: A New File System Designed for Flash Storage in Mobile，Joo-Young Hwang</p>\r\n\r\n<p> </p>\r\n\r\n<p>可是，初期的 F2FS 还有着一些不完善的地方，所以多年以来，这一文件系统都没有被厂商所大范围接纳。直到 2016 年，华为做了第一个「吃螃蟹」的人，在搭载了 EMUI 5.0 的 HUAWEI Mate 9 上首次商用了 F2FS 存储系统。</p>\r\n\r\n<p> </p>\r\n\r\n<p><img alt=\"F2FS 商用\" src=\"https://cdn.sspai.com/2019/04/25/9ecab388ba1dd8da9d89a631c5bff404.png?imageView2/2/w/1120/q/90/interlace/1/ignore-error/1\" style=\"width:700px\" title=\"F2FS 商用\" /></p>\r\n\r\n<p>F2FS 商用</p>\r\n\r\n<p> </p>\r\n\r\n<p>F2FS 所带来的优势是十分明显的，不仅随机读写更具优势，数据块出现碎片的可能性也大幅减小，利于维持手机长时间使用的流畅性。这也是在当时的安卓厂商里，华为敢首先打出「天生快，一生快」宣传语的底气所在。在华为试水成功后，其他手机厂商也开始陆续跟进，为自家的手机启用 F2FS，谷歌去年发布的「亲儿子」Pixel 3 也是其中一员。</p>\r\n\r\n<p>不过，虽然对于应用、视频、照片等数据存储有着优势，但对于系统本身使用的分区而言，F2FS 并没有决定性的提升。出于从分区原理和使用环境的分析，以及对性能和稳定性的平衡考量，此前大部分 Android 厂商都没有为系统分区启用 F2FS 文件系统。</p>\r\n\r\n<p>这种在技术上的暂时妥协也带来了问题——虽然 Android 的系统分区默认为只读化处理，无法被直接进行写入，但从严格意义上说，EXT4 并非是一个只读文件系统，因而依然有着遭受修改的可能。</p>\r\n\r\n<p><strong>如此一来，系统的安全性会受到一定的威胁，同时，EXT4 本身的性能表现，也不足以令人满意。</strong></p>\r\n\r\n<p>当下已有的解决方案似乎并不能让华为的工程师们满意，于是，他们在 2018 年 5 月推出了一个全新的只读文件系统：EROFS。</p>\r\n\r\n<h2>从根本上为系统提速</h2>\r\n\r\n<p>EROFS 是 Extendable Read-Only File System 的缩写，直译为「可扩展式只读文件系统」。华为又为其取了一个非常接地气的「昵称」，叫做「华为超级文件系统」。</p>\r\n\r\n<p> </p>\r\n\r\n<p><img alt=\"华为超级文件系统\" src=\"https://cdn.sspai.com/2019/04/25/4c58ea52149984a34bea87f2b036642c.jpg?imageView2/2/w/1120/q/90/interlace/1/ignore-error/1\" style=\"width:700px\" title=\"华为超级文件系统\" /></p>\r\n\r\n<p>华为超级文件系统</p>\r\n\r\n<p> </p>\r\n\r\n<p>那么这个文件系统「超级」在何处呢？</p>\r\n\r\n<p>首先，超级文件系统使用了先进的压缩算法，能在同等级的压缩比例下，提供更佳的读取性能；通过对输入输出通道的充分利用，可以降低读放大效应，最终实现多达 20% 的随机读取性能提升。由于压缩后不会损失太多性能，所以系统分区可以放心地保持较高的压缩比例，继而让留出更多空间存储数据成为可能。</p>\r\n\r\n<p>以 P30 Pro 128GB 版本为例，其系统占用空间相比之下少了 2GB 之多，更多的空间意味着我们可以在手机里安装更多的应用和游戏。</p>\r\n\r\n<p> </p>\r\n\r\n<p><img alt=\"EMUI 9.1 系统空间占比\" src=\"https://cdn.sspai.com/2019/04/25/03786910abe74cc1111dba7b600e8792.jpg?imageView2/2/w/1120/q/90/interlace/1/ignore-error/1\" style=\"width:400px\" title=\"EMUI 9.1 系统空间占比\" /></p>\r\n\r\n<p>EMUI 9.1 系统空间占比</p>\r\n\r\n<p> </p>\r\n\r\n<p>其次，提升的随机读取速度也让系统响应速度的提升成为了可能。在发布之初，华为的工程师就在麒麟 970 上进行过测试，测试结果显示，相较 EXT4，超级文件系统能提供最多翻倍的性能优势；这种优势在小压缩率下尤为明显，而即便是 100% 压缩，表现也有提升。</p>\r\n\r\n<p> </p>\r\n\r\n<p><img alt=\"早期基于麒麟 970 的测试结果\" src=\"https://cdn.sspai.com/2019/04/25/3011d59e3f7794b3c1d58a8cbf889733.png?imageView2/2/w/1120/q/90/interlace/1/ignore-error/1\" style=\"width:700px\" title=\"早期基于麒麟 970 的测试结果\" /></p>\r\n\r\n<p>早期基于麒麟 970 的测试结果</p>\r\n\r\n<p> </p>\r\n\r\n<p>最后，超级文件系统从诞生之初就被设计为只读式模式；因此，它无法被轻易地开启写入权限，第三方想要改写系统比登天还难，系统的安全性自然也就得到了保障。</p>\r\n\r\n<p>从以上的内容中，我们可以一窥超级文件系统的先进性：不仅节省空间，同时还能提供更好的性能，系统本身的安全性，也将得到加固化的保障。</p>\r\n\r\n<p>这一文件系统已经被并入 Linux 内核的主线，成为 Linux 开源世界的一部分，相信在不久的将来，基于 Linux 的 Android 也会对此进行跟进。而目前而言 EMUI 9.1 则可以说是有着明显的先发优势。</p>\r\n\r\n<h2>方舟编译器，和「边解释边执行」说再见</h2>\r\n\r\n<p>如果你是一位老 Android 用户，相信会对围绕着那些第三方应用的一些「怪问题」感同身受。<br />\r\nAndroid 2.X - 4.X 时，应用打开速度不佳，运行起来有时还会卡顿一下；而到了 Android 5.0 — 6.0，应用的流畅度上去了，但安装过程却变得无比漫长，有时候装一个应用要两三分钟，一旦遇上更新系统，还要花不少时间等待「优化应用」。</p>\r\n\r\n<p>这些现象都是 CPU 的原理所决定的，就像我们对着不懂中文的外国人搭话时他们难以理解我们要表达的意思，CPU 也无法直接处理丢给它的英文字母码代码。</p>\r\n\r\n<p>CPU 能看懂的，只有由无数个「0」和「1」组成的二进制代码，也就是「机器码」。这时，我们就需要用一些方法将应用开发过程中所用的编程语言转化为机器码，「读」给 CPU。<strong>和现实中的语言翻译一样，这样的过程也是一种翻译，也就是我们所说的「编译」。</strong></p>\r\n\r\n<p>在 Android 的发展初期，Google 使用了两种方案：第一种叫解释执行，也就是将代码一句一句翻译成机器码；第二种叫 JIT（Just In Time），在应用运行的同时，实时编译出机器码。</p>\r\n\r\n<p>这两种方案构成了 Android 初期的应用编译方式。它们的优点是对内存和存储空间的压力很小，但缺点也很明显：想象一下平时交流时，对面说一句话，中间人再翻译一句给你听，然后你才能明白他的意思，沟通效率无疑是较为低下的。所以那个时候 Android 应用的执行效率较低，卡顿、无响应甚至死机的现象也时有发生。</p>\r\n\r\n<p> </p>\r\n\r\n<p><img alt=\"早期 Android 编译方式示意图\" src=\"https://cdn.sspai.com/2019/04/25/10e4bedbcbae541aacb912aa55474a8d.png?imageView2/2/w/1120/q/90/interlace/1/ignore-error/1\" style=\"width:700px\" title=\"早期 Android 编译方式示意图\" /></p>\r\n\r\n<p>早期 Android 编译方式示意图</p>\r\n\r\n<p> </p>\r\n\r\n<p>为了解决这种「边解释边执行」带来的效率问题，谷歌又在 Android 5.0 开始引入了新的编译方式：AOT（Ahead Of Time），这种方式会在应用安装时就进行编译，并将编译好的机器码储存在设备中。</p>\r\n\r\n<p>这样每次打开应用都会直接执行机器码，运行时省掉了编译过程；不仅打开应用的速度更快，用起来也更流畅，同时由于不需要实时编译，运算压力降低，还起到了省电的功效。</p>\r\n\r\n<p> </p>\r\n\r\n<p><img alt=\"Google 通过引入 ART 运行时来提升编译效率\" src=\"https://cdn.sspai.com/2019/04/25/77a7d69578a804c5f662c7b4234996cf.png?imageView2/2/w/1120/q/90/interlace/1/ignore-error/1\" style=\"width:700px\" title=\"Google 通过引入 ART 运行时来提升编译效率\" /></p>\r\n\r\n<p>Google 通过引入 ART 运行时来提升编译效率</p>\r\n\r\n<p> </p>\r\n\r\n<p>不过 AOT 带来的问题也很明显：编译成机器码是一项耗时的工作，而这毫无疑问地会延长安装所需的时间。根据应用本身的大小和复杂程度，所需要的安装时间也会受到影响；大一些的应用，甚至会需要数分钟。</p>\r\n\r\n<p>而且，编译好的机器码，本身也较为占用存储空间；对于一些不常用的应用，就有点显得得不偿失了。</p>\r\n\r\n<p>所以，在 Android 7.0 之后，谷歌又重新引入了优化过的 JIT 编译模式，三种模式并存，只将一部分重要的代码利用 AOT 编译，其他代码实时编译，从而达到二者之间的平衡。</p>\r\n\r\n<p>但是既然依旧保留了「边转化，边执行」的环节，在这个过程中，性能依旧不可避免地会遭受到一定损失。有没有办法让系统更高效地运行程序呢？</p>\r\n\r\n<p>华为则提出了一种新的编译方式：在开发环境就直接一次性将机器码编译出来，打包在安装包中；应用安装完毕就可以直接运行机器码，不需要手机端再次负责编译工作，实现运行效率的最大化提升。这一编译方式的落地化成果，就是随 EMUI 9.1 一道发布的「华为方舟编译器」。</p>\r\n\r\n<p> </p>\r\n\r\n<p><img alt=\"方舟编译器介绍\" src=\"https://cdn.sspai.com/2019/04/25/f32aada8fd55f76a78e347f31149ef0d.jpg?imageView2/2/w/1120/q/90/interlace/1/ignore-error/1\" style=\"width:700px\" title=\"方舟编译器介绍\" /></p>\r\n\r\n<p>方舟编译器介绍</p>\r\n\r\n<p> </p>\r\n\r\n<p>据官方提供的数据，应用了「方舟编译器」的 EMUI 系统组件，流畅度获得了 24% 的提升；而响应速度更是提升了 44%，获益极为明显。</p>\r\n\r\n<p>而对于第三方应用的适配也在紧锣密鼓的进行中，实验显示采用了「方舟编译器」的微博极速版运行速度和流畅度提升明显。</p>\r\n\r\n<p>为了一探究竟，我们下载了微博极速版进行体验。这里需要注意的一点是，在与EMUI的开发人员沟通中得知，目前从华为应用市场上下载的微博极速版并非是使用了「方舟编译器」的版本，新版本正在紧张的后期测试中，用户想要体验还需稍等些时日。虽然如此，但我们却发现即使是普通的微博极速版，在面对性能同样优秀的竞争对手时，EMUI在打开和加载首页的速度上依旧略胜一筹；而在切换模块、滚动时间流，以及加载图片和视频时，也有着更流畅的体验。这其中的原因可能是「方舟编译器」对system service也有一定程度的提升，如果应用也采用了新的编译机制，优势或许将会更明显。</p>\r\n\r\n<p> </p>\r\n\r\n<p><img alt=\"为呈现启动速度，该动图经过了慢动作处理\" src=\"https://cdn.sspai.com/2019/04/25/658c2fedaa456334df6f1929577ff47e.gif?imageView2/2/w/1120/q/90/interlace/1/ignore-error/1\" style=\"width:450px\" title=\"为呈现启动速度，该动图经过了慢动作处理\" /></p>\r\n\r\n<p>为呈现启动速度，该动图经过了慢动作处理</p>\r\n\r\n<p> </p>\r\n\r\n<p> </p>\r\n\r\n<p><img alt=\"同样网络环境下的时间流加载速度也稍胜一筹\" src=\"https://cdn.sspai.com/2019/04/25/eb3dc2f6255fde469d94c370a194867f.gif?imageView2/2/w/1120/q/90/interlace/1/ignore-error/1\" style=\"width:450px\" title=\"同样网络环境下的时间流加载速度也稍胜一筹\" /></p>\r\n\r\n<p>同样网络环境下的时间流加载速度也稍胜一筹</p>\r\n\r\n<p> </p>\r\n\r\n<p>和上文中的超级文件系统一样，华为依旧没有将其保留给自己，而是决定让更多 App 开发者和手机厂商加入，共同普及这一新的编译方式；「方舟编译器」将在 2019 年全面开源，凭借华为的市场占有率，手持搭载 EMUI 9.1 系统的手机，或许很快就能体验到这一架构级加速的体验提升。</p>\r\n\r\n<h2>小结</h2>\r\n\r\n<p>超级文件系统和「方舟编译器」的推出，让我们看到了华为的问题解决思路：如果现在的方案不够好，那就自己造一个。</p>\r\n\r\n<p>但与此同时，对于超级文件系统和方舟编译器这样的成果，华为也并没有选择封闭。在将这些创新回馈给开源社区后，更多的 Android 用户其实能够因此而受益——当然，如果你等不及这些「黑科技」在整个 Android 生态中铺开，也可以在搭载了 EMUI 9.1 的华为 P30 系列手机上抢先体验。</p>\r\n', '10', null, null);
INSERT INTO essayinfo VALUES ('28', '华为Mate 8体验：理工男一样的直男属性', '12', '3', '2020-06-13 19:22:24', '0', '../PhoneMark_images/d5580818-7703-4b97-b98d-cdb4399af0de1357048077.jpg', '<h2>配置：一些关键参数</h2>\r\n\r\n<ul>\r\n	<li>\r\n	<p>CPU 处理器：麒麟 950，4×Cortex A72 2.3GHz + 4×Cortex A53 1.8GHz + 微智核I5，64 bit 16nm 工艺</p>\r\n	</li>\r\n</ul>\r\n\r\n<ul>\r\n	<li>\r\n	<p>GPU 图形处理器：Mali T880</p>\r\n	</li>\r\n</ul>\r\n\r\n<ul>\r\n	<li>\r\n	<p>系统：EMUI 4.0（基于Android 6.0）</p>\r\n	</li>\r\n</ul>\r\n\r\n<ul>\r\n	<li>\r\n	<p>屏幕：6.0 inch 1920×1080</p>\r\n	</li>\r\n</ul>\r\n\r\n<ul>\r\n	<li>\r\n	<p>摄像头：1600万，F2.2；800万，F2.4；OIS 智能光学防抖</p>\r\n	</li>\r\n</ul>\r\n\r\n<ul>\r\n	<li>\r\n	<p>网络制式：全网通</p>\r\n	</li>\r\n</ul>\r\n\r\n<ul>\r\n	<li>\r\n	<p>电池容量：4000mAh</p>\r\n	</li>\r\n</ul>\r\n\r\n<ul>\r\n	<li>\r\n	<p>内存：3G/4G RAM+32G/64G/128G ROM</p>\r\n	</li>\r\n</ul>\r\n\r\n<p>值得一说的是这颗华为自家的 CPU——麒麟 950，采用的是 Big.LITTLE 架构，16nm 制程，其性能是国产中属怪兽级别的，能与 950 一战的也只有高通骁龙 820 和三星 Exynos 8890，不得不说华为自己的海思芯片，在经历过种种困难和阵痛之后，终于迎来扬眉吐气的一天。对上游供应链中最关键的处理器，华为都牢牢把握在自己手中，无须看别人眼色，才能保证自己产品的产能。这一点很像三星，依靠自己芯片，与高通的芯片交互更替，从根本上避免了像今年小米、索尼和 HTC 遭遇的 810 发热事件。也无怪乎华为在 15 年的出货量能上一亿大关，坐稳国产头把交椅。</p>\r\n\r\n<h2>外观设计</h2>\r\n\r\n<p>华为的外观一直都是比较硬朗的商务风格，尤其是在 Mate 系列上，并不十分讨年轻人喜欢，就像奔驰和宝马，一个偏向商务，一个注重运动元素，不过年轻人可能更喜欢兰博基尼或法拉利。华为是比较稳重的，提升的是品位；年轻人喜欢的小米之类的，可能更多的是爱好或者性价比之类的东西。</p>\r\n\r\n<p><img alt=\"华为Mate 8体验：理工男一样的直男属性\" src=\"http://p3.pstatp.com/large/11340/1423219462?imageView2/2/w/1120/q/90/interlace/1/ignore-error/1\" /><br />\r\nMate 8 在稍微凸起的摄像头上面直接用金属覆盖住，并且做了同心圆的波纹处理，波纹做的很细腻，前面板的顶部和底部以及电源键上都有同样的同心圆波纹处理。这样处理后加入些许柔和的元素能稍微缓和机器那种硬度，与下面圆形的指纹模块也相呼应。对于这样的暗纹，第一感觉就是琅琊榜中导演的用心良苦，对古人着衣的考究，不同身份的人，衣饰上对应不同的暗纹。</p>\r\n\r\n<p><img alt=\"华为Mate 8体验：理工男一样的直男属性\" src=\"http://p1.pstatp.com/large/11339/2274062896?imageView2/2/w/1120/q/90/interlace/1/ignore-error/1\" /><br />\r\n指纹识别模块一改 Mate 7 上面的方形，改用与手指贴合更加自然的圆形，这样的改进也更符合人体工学。不过闪光灯的位置放在摄像头左侧并不对称，显得很不协调；当然，正面的前置摄像头和距离传感器也不是在对称位置，这样似乎又平衡了许多。</p>\r\n\r\n<p>2015 年下半年发布的手机基本上都被乐视的 ID 无边框带起来了，Mate 8 的边框也采用了视觉无边框，息屛下浑然一体，点亮屏幕后与黑色主题搭配也很协调。不过 Mate 8 将黑边控制的非常窄，在视觉上并不会感觉浪费了宝贵的屏幕面积，屏占比也非常高。值得肯定的是底部虚拟按键，当其背景为黑色的时候，很难分辨这按键是屏幕内还是集成在机身上。</p>\r\n\r\n<p>金属机身对于华为这种大厂商来说，没有丝毫挑战，而用户不会去在意背后用了什么工艺、走了多少工序，用户用的是产品，产品上表现出来的品质是他们唯一认可的东西。Mate 8 的金属机身处理的相当细腻，握在手上，那感觉就像是走过最软最细的沙滩。</p>\r\n\r\n<p><img alt=\"华为Mate 8体验：理工男一样的直男属性\" src=\"http://p3.pstatp.com/large/11342/1196149771?imageView2/2/w/1120/q/90/interlace/1/ignore-error/1\" /></p>\r\n\r\n<h2>系统：国内最早升级 Android 6.0</h2>\r\n\r\n<p>以华为的体量，在短时间内升级 Android 6.0 还是凸显其背后实力的强大以及做事的果断。其实 Android 6.0 与 5.x 并没有太大的不同，但更注重省电、安全与权限的控制，最引人关心的自然就是 App Permissions 和 Doze 省电系统，其他的诸如 Google Now Tab、Android Pay 国内自是无缘了。</p>\r\n\r\n<p><img alt=\"华为Mate 8体验：理工男一样的直男属性\" src=\"http://p3.pstatp.com/large/11342/1217815434?imageView2/2/w/1120/q/90/interlace/1/ignore-error/1\" /></p>\r\n\r\n<p>Android 中加紧了对应用权限的控制，对于保护手机安全和隐私来说是非常重要重要的一个举措，与 Doze 省电模式的联用更是可以让自己的手机保持一个良好的运行状态，不用担心一些 APP 在后台随意占用资源或者相互唤醒。EMUI 对这两项功能做了针对国内用户使用习惯的优化。</p>\r\n\r\n<p>华为自家的 EMUI 现在也已经升级到 4.0，在延续自己风格的同时也加入了很多安卓原生元素。对于麒麟 950 这种级别的处理器来说系统的流畅度是没有任何问题的，不过 EMUI 的动画却显得有些不够，一些过渡动画显得稍微有些生硬，并不自然，比如多任务切换时，它是很快的闪一下再切换到应用界面，如果做成逐渐放大到全屏会好很多。</p>\r\n\r\n<p>Mate 8 预装的 APP 也不少，不过一些非核心的 APP 还是允许用户自行卸载，释放手机内存势在必行。EMUI 对 APP 图标都是一刀切的做了圆角处理，除非安装第三方桌面和图标包，否则就只能接受这样的处理。对于每天都要直面很多次的图标，要求高一点总是没错的。</p>\r\n\r\n<p><img alt=\"华为Mate 8体验：理工男一样的直男属性\" src=\"http://p3.pstatp.com/large/11343/1024315571?imageView2/2/w/1120/q/90/interlace/1/ignore-error/1\" /><br />\r\nEMUI 经过多年的打磨，也算是国产 ROM 中比较好用的系统之一，跟 OPPO、vivo 类似，这枚 ROM 注重的是实用，在功能上能满足绝大部分人的需求，系统中也有很多自己创新的功能，比如将指纹识别应用到接听电话和拍照等、加入指关节手势进行截图分屏等。相对那些最受欢迎的 ROM，这类 ROM 欠缺的那一点火候是设计和审美，当 EMUI 等在这两点上做到平衡了，应该能俘获上下三代人的心。</p>\r\n\r\n<h2>一枚理工男对Mate 8的归属</h2>\r\n\r\n<p>Mate 8 这种自带直男属性的机器，很是符合理工男的口味，无论从外观设计、材质的选用还是对表面的处理，都是比较受直男欢迎。男性对金属和机械的感觉，就像女性对鞋子和包包一样，一种与生俱来的属性。从小时候玩的汽车玩具，到中学时代的自行车，到大学时代的智能手机，再到成年之后的汽车，与这些物件的情感就像是风咆哮的吹过山谷，共鸣。</p>\r\n\r\n<h2>旗舰应有的当担</h2>\r\n\r\n<p>在 Mate 7 上大获成功之后，除了在配置上进行相应的升级，人们对 Mate 8 自然有着更多的期待，在一款成功的产品之后想再取得长足的进步，其困难也是有目共睹的。Mate 8 在硬件升级上显得并不那么激进，比如 Type-C 数据接口就没有，2K 屏幕也没有。不过就目前而言，就算不上这两项功能，也不影响旗舰之名。</p>\r\n\r\n<p><img alt=\"华为Mate 8体验：理工男一样的直男属性\" src=\"http://p2.pstatp.com/large/11340/1550303931?imageView2/2/w/1120/q/90/interlace/1/ignore-error/1\" /><br />\r\n比如苹果就从不在屏幕分辨率上冒进，国内魅族和一加也极尽自己的能力去用好 1080P 的屏幕。Mate 8 的升级更多的是在产品的品质上进一步提升，谷歌也已经亲睐华为共铸 Nexus 6P，谷歌看中的不正是华为在品质上的把控么，再加上华为在通讯行业的地位和拥有的技术、专利等，这种对国产品牌肯定的合作，对华为而言是耀荣，对其他国产品牌也是一种激励。能领导整个行业积极向前推进，才是旗舰应有的当担。</p>\r\n', '10', null, null);
INSERT INTO essayinfo VALUES ('31', '杞梓之才：OPPO Find7 （轻装版）印象', '13', '1', '2020-06-13 20:02:07', '0', '../PhoneMark_images/09cb0283-5dbe-4e3a-ab87-c6a4e8d09c7371458.png', '<h2>Find 印象</h2>\r\n\r\n<p>Find 是 OPPO 旗下的高端手机系列，从斥巨资邀请国际巨星莱昂纳多代言的 Find1 代开始，OPPO Find 系列的每一款手机都极具特色，也在某一方引领了业界潮流。Finder 是当时最薄的智能手机，6.65mm 的厚度，击败了当时上市不久的国际大牌 MOTO RAZA XT910 ，创造了最薄智能手机的记录，首次向世界证明了中国制造的工艺技术和创造力。随后推出的 Find5 则是世界第一款搭载 1080p 屏幕的智能手机，比 HTC Butterfly 还要早，再一次聚焦了大众的眼球。说 OPPO 是目前国内最具创造力的手机厂商也不足为过。如今的这一款 Find7 更是以强大的软硬件性能「快人三步」，在保持 Find5 高水准的同时，加入了不少「杀手级」创新。</p>\r\n\r\n<p><img alt=\"OPPO_logo_7201.jpg\" src=\"https://cdn.sspai.com/attachment/origin/2014/05/04/71179.jpg?imageView2/2/w/1120/q/90/interlace/1/ignore-error/1\" title=\"OPPO_logo_7201.jpg\" /></p>\r\n\r\n<p>回首，OPPO 其实同魅族一样都是从早期的播放器领域转型而来的国产手机厂商，但与魅族不同的是，OPPO 对移动通讯领域的涉足要更早一点，早期的功能机时代就已经有了 OPPO 的身影，而凭借优秀的外观设计和不俗的做工，在那个时代 OPPO 已经取得了一定的成功，积累了一定的用户群体。笔者还记得，高中时 OPPO 在学生眼中是不亚于诺基亚等国际品牌的手机，早在那个时候 OPPO 的专卖店就已经布及全国，在三四线小城市也能够见到。从播放器到功能机再到智能手机，OPPO 并不是国内厂商中走得最快的，但它绝对是走的最稳的，靠着播放器时代积累的经验和人气，OPPO 的移动之路越走越顺，说它是中国的三星也不足为过。OPPO 更是深知消费者的需求，各个系列定位清晰，目标用户明确。R 系列主打女性自拍；N 系列主打拍照旗舰；Find 系列则是综合旗舰，颇有一番诺基亚时代 N、E的感觉，在推广宣传方面，OPPO 则显得相当传统，除了邀请各路明星代言以外，并没有像许多国产手机厂商在网络上打口水战来博眼球，也没有低价卖期货，在去年九月 N1 发布会前夕，OPPO 在宣传上并没有像同行一样靠着诋毁他人来标榜自己，雷军也坦言「OPPO 是我最尊敬的同行……」</p>\r\n\r\n<p><img alt=\"5970813_820768.jpg\" src=\"https://cdn.sspai.com/attachment/origin/2014/05/05/71451.jpg?imageView2/2/w/1120/q/90/interlace/1/ignore-error/1\" title=\"5970813_820768.jpg\" /></p>\r\n\r\n<p>▲陈坤&江一燕代言 OPPO N1</p>\r\n\r\n<p>笔者对 OPPO 印象一直很好，所以对刚发布的旗舰机型 Find7 也颇为关注，当我将机器捧到手中的时候，细致磨砂的背壳将温润的手感传递与我，看着边框中经典的银边镶嵌，OPPO 由内而外的设计传承跃然眼前。</p>\r\n\r\n<h2>设计文化</h2>\r\n\r\n<p>品牌文化这个东西没有长时间的积累是做不出来的，这与小米强安给自己的「为发烧而生」的标签完全不同。OPPO 独特的上下弧边设计逐渐从基本造型中树立品牌识别度，而侧边的银边镶嵌更是体现了 OPPO 的设计传承，熟悉 OPPO 早期功能机的朋友能够从中找到 OPPO 早期机型的设计影子，Find7 可谓一脉相承。</p>\r\n\r\n<p><img alt=\"IMG_6646.JPG\" src=\"https://cdn.sspai.com/attachment/origin/2014/05/04/71183.jpg?imageView2/2/w/1120/q/90/interlace/1/ignore-error/1\" style=\"height:442px; width:664px\" title=\"IMG_6646.JPG\" /></p>\r\n\r\n<p>▲Find7 与 Nexus5 对比</p>\r\n\r\n<p><img alt=\"IMG_6920.JPG\" src=\"https://cdn.sspai.com/attachment/origin/2014/05/04/71184.jpg?imageView2/2/w/1120/q/90/interlace/1/ignore-error/1\" style=\"height:442px; width:664px\" title=\"IMG_6920.JPG\" /></p>\r\n\r\n<p>▲银边镶嵌的边框</p>\r\n\r\n<p>随着互联网手机的兴起，似乎所有手机厂商都将关注度转移到价格战之中，而设计这个东西早已抛到脑后，放眼望去，国产智能手机在外观设计上清一色不约而同地做成了小米2 熊猫机的模样，如果盖住自家的 logo ，便难分你我。</p>\r\n\r\n<p><img alt=\"IMG_4738.JPG\" src=\"https://cdn.sspai.com/attachment/origin/2014/05/04/71185.jpg?imageView2/2/w/1120/q/90/interlace/1/ignore-error/1\" style=\"height:443px; width:664px\" title=\"IMG_4738.JPG\" /></p>\r\n\r\n<p>▲双兔傍地走，安能辨我是雄雌</p>\r\n\r\n<p>OPPO 并没有在这个喧嚣的时代迷失自我，始终遵循自己的设计理念是它对粉丝及消费者最好的回馈。Find 7 的弧线、呼吸灯能够在一票鸡鸭共群的国产手机中翘楚。熄屏美学在当下是一个比较流行的设计，Find 7 无疑将它做到了极致，为了做到屏幕熄灭后通篇漆黑，OPPO 甚至不惜一步又一步降低触摸按键灯的背光亮度，这样做的好处不言而喻，能让机身正面做到简约的同时不失大气，但美是要付出代价的，按键灯过分的微弱也引起了并不熟悉按键布局用户的不便，希望 OPPO 能拿捏权衡。搭配的 5.5寸 1080p 屏幕已成为业界的标配，由于渠道开放，各家只要肯花钱基本都能够做的不错，Find7 的这块屏幕虽然虽然算不上惊艳，但基本算是中上级水平，只是宽大的额头和下巴导致手机屏占比并不高，没有将面板的空间充分利用，稍显遗憾。</p>\r\n\r\n<p><img alt=\"IMG_6408.JPG\" src=\"https://cdn.sspai.com/attachment/origin/2014/05/04/71186.jpg?imageView2/2/w/1120/q/90/interlace/1/ignore-error/1\" style=\"height:442px; width:664px\" title=\"IMG_6408.JPG\" /><img alt=\"IMG_6385.JPG\" src=\"https://cdn.sspai.com/attachment/origin/2014/05/04/71187.jpg?imageView2/2/w/1120/q/90/interlace/1/ignore-error/1\" style=\"height:442px; width:664px\" title=\"IMG_6385.JPG\" /></p>\r\n\r\n<p>▲较宽的额头与下巴</p>\r\n\r\n<p>而 Find7 最耀眼的地方，则属于前面板下部的月牙形呼吸灯，与传统呼吸灯单调的单灯不同，Find7 呼吸灯中导光微粒的数量则达到了三千余颗，当有来电或未读短信通知的时候，呼吸灯会均匀的由内而外扩散亮起，在黑夜中甚是好看，好似夜空中划过彗星的尾巴。</p>\r\n\r\n<p><img alt=\"IMG_6970.JPG\" src=\"https://cdn.sspai.com/attachment/origin/2014/05/04/71188.jpg?imageView2/2/w/1120/q/90/interlace/1/ignore-error/1\" style=\"height:442px; width:664px\" title=\"IMG_6970.JPG\" /></p>\r\n\r\n<p>▲Find7 的呼吸灯在黑暗中熠熠生辉</p>\r\n\r\n<p>但是 Find7 下巴与屏幕的接洽处缝隙较大，比较容易沾染灰尘。</p>\r\n\r\n<p><img alt=\"IMG_6929.JPG\" src=\"https://cdn.sspai.com/attachment/origin/2014/05/04/71189.jpg?imageView2/2/w/1120/q/90/interlace/1/ignore-error/1\" style=\"height:442px; width:664px\" title=\"IMG_6929.JPG\" /></p>\r\n\r\n<p>▲接洽处缝隙较大，比较容易沾染灰尘。</p>\r\n\r\n<p>机器背部虽然采用了普通的塑料材质，但细腻的磨砂质感与巧妙的类金属涂层提升了手机的档次。目前越来越多的大屏手机都在注重握持的感受，OPPO 也是一样，为了保障更好的握持感受，Find7 枕形的后盖能够更好的与手掌贴合，虽为 5.5 寸的大屏手机，与同样尺寸的 Galaxy Note2 相比，握持手感要好不少。单手使用也不会觉得唐突生硬。</p>\r\n\r\n<p><img alt=\"IMG_6470.JPG\" src=\"https://cdn.sspai.com/attachment/origin/2014/05/04/71190.jpg?imageView2/2/w/1120/q/90/interlace/1/ignore-error/1\" style=\"height:442px; width:664px\" title=\"IMG_6470.JPG\" /><img alt=\"IMG_6509.JPG\" src=\"https://cdn.sspai.com/attachment/origin/2014/05/04/71191.jpg?imageView2/2/w/1120/q/90/interlace/1/ignore-error/1\" style=\"height:442px; width:664px\" title=\"IMG_6509.JPG\" /><img alt=\"IMG_6522.JPG\" src=\"https://cdn.sspai.com/attachment/origin/2014/05/04/71192.jpg?imageView2/2/w/1120/q/90/interlace/1/ignore-error/1\" style=\"height:442px; width:664px\" title=\"IMG_6522.JPG\" /></p>\r\n\r\n<p>▲Find7 手感十分优秀</p>\r\n\r\n<p>背面向上的位置是一个堆栈式 1300w 摄像头，下方也设有双 LED 闪光灯，指的一提的是，Find7 的摄像头位置恰到好处，握持的时候不容易因为被挡住而影响体验。闪光灯的下方则是 OPPO 的品牌 logo，在阳光下熠熠生辉。再下方的位置则是扬声器的发声孔位，小孔打磨细腻，触摸起来犹如一体。里面隐藏着两个立体声扬声器，外放音质饱满，响度优秀，相信在影音和游戏的体验中会有不错的效果。</p>\r\n\r\n<p><img alt=\"IMG_6475.JPG\" src=\"https://cdn.sspai.com/attachment/origin/2014/05/04/71193.jpg?imageView2/2/w/1120/q/90/interlace/1/ignore-error/1\" style=\"height:442px; width:664px\" title=\"IMG_6475.JPG\" /></p>\r\n\r\n<p>▲Find 7 扬声器打孔</p>\r\n\r\n<p>Find7 采用的是可更换电池的设计，这一点在一票一体式不可更换电池设计的旗舰手机中显得似乎有点不伦不类，而开盖的方式与魅族 MX3 不约而同，甚至魅族手机的开盖工具也完美支持 Find5 （OPPO 并没有在包装中附带开盖工具），Find7 的后盖卡扣很多，盖上严丝合缝。别看这点小事，很多国产手机是做不到的。</p>\r\n\r\n<p><img alt=\"IMG_6914.JPG\" src=\"https://cdn.sspai.com/attachment/origin/2014/05/04/71194.jpg?imageView2/2/w/1120/q/90/interlace/1/ignore-error/1\" style=\"height:442px; width:664px\" title=\"IMG_6914.JPG\" /></p>\r\n\r\n<p>▲魅族专用开盖器完美适配 OPPO</p>\r\n\r\n<h2>硬件配置</h2>\r\n\r\n<p>关于配置我并不想花过多的篇幅去赘述，作为一款售价 2999 的旗舰级别手机，FInd7 自然搭载了目前领先的高通骁龙 800 处理器而 2GB 内存的配置也保障了日常使用下多任务的处理。高通骁龙最大的优势在于基带芯片的完美集成，而 Find7 自然也硬件支持目前主流的网络制式，笔者手中的这台是移动 4G 版本，支持了目前国内所流行的 TD-LTE 4G 网络，但笔者的手机卡是联通3G 的，使用中发现该机器并不支持 WCDMA 网络，但通过查询一些资料，发现经过一些简单的破解即可让 Find7 完美支持联通 3G WCDMA 网络。</p>\r\n\r\n<p><img alt=\"003074760.jpg\" src=\"https://cdn.sspai.com/attachment/origin/2014/05/04/71195.jpg?imageView2/2/w/1120/q/90/interlace/1/ignore-error/1\" style=\"height:1180px; width:664px\" title=\"003074760.jpg\" /></p>\r\n\r\n<p><img alt=\"003074761.jpg\" src=\"https://cdn.sspai.com/attachment/origin/2014/05/04/71196.jpg?imageView2/2/w/1120/q/90/interlace/1/ignore-error/1\" style=\"height:1180px; width:664px\" title=\"003074761.jpg\" /></p>\r\n\r\n<p>▲不服跑个分</p>\r\n\r\n<p>骁龙 800 作为目前顶级的移动处理器，运行速度自然不在话下，基本上任何大型游戏都可以完美地支持，但在笔者看来，评判一合机器是否优秀的标准并不能够通过跑分及大型游戏来判断，是否能够满足日常软件的完美体验才是重点所在。笔者测试了目前常用的一些软件，如微博、微信、等，发现他们都可以近乎完美地运行，只是老大难的新浪微博官方客户端还是会些许卡顿。</p>\r\n\r\n<p><img alt=\"82aad8c2jw1eftwyqdwt6j20p018gn3u.jpg\" src=\"https://cdn.sspai.com/attachment/origin/2014/05/04/71197.jpg?imageView2/2/w/1120/q/90/interlace/1/ignore-error/1\" style=\"height:1180px; width:664px\" title=\"82aad8c2jw1eftwyqdwt6j20p018gn3u.jpg\" /></p>\r\n\r\n<p>▲对全屏幕浏览微博的些许怀念</p>\r\n\r\n<h2>VOOC 极速充电</h2>\r\n\r\n<p>笔者非常喜欢一款索尼的 Walkman 播放器，并不是因为它的音质有多么优秀，而是因为它的快速充电功能可以使得将仅仅 3 分钟的充电转换为接近一个小时的持续播放，这大大满足了我对于移动设备的需求，移动设备是为了移动而生，并不是为了充电而生，如果这个理论站的住脚，那么目前在售的需要一天一充的智能手机全都不符合，OPPO 并没有强攻改进如今制约智能手机发展的电池瓶颈难题，而是反其道而行，通过快速充电的办法来侧面解决用电需求的问题。VOOC 急速充电是 Find7 最大的卖点之一，据测试，它能够仅仅使用 3 分钟的时间，让剩余 7% 的 Find7 充到 30% 左右，并且充满电也仅仅花费不到一个小时的时间。这一点让我和同事都赞叹不已，因为它实实在在解决了生活中恼人的充电问题。只是专用的充电器体积过于庞大，携带起来可能并不是很方便（与 MacBook 电脑充电器一样大小）。</p>\r\n\r\n<p><img alt=\"Screenshot_2014-04-27-10-17-23-917.png\" src=\"https://cdn.sspai.com/attachment/origin/2014/05/04/71198.png?imageView2/2/w/1120/q/90/interlace/1/ignore-error/1\" style=\"height:1180px; width:664px\" title=\"Screenshot_2014-04-27-10-17-23-917.png\" /></p>\r\n\r\n<p><img alt=\"Screenshot_2014-04-27-10-34-56-434.png\" src=\"https://cdn.sspai.com/attachment/origin/2014/05/04/71199.png?imageView2/2/w/1120/q/90/interlace/1/ignore-error/1\" style=\"height:1180px; width:664px\" title=\"Screenshot_2014-04-27-10-34-56-434.png\" /></p>\r\n\r\n<p>▲VOOC 极速充电技术效果惊人</p>\r\n\r\n<p>有人提出怀疑，是否 Find7 充电快掉电也快呢？</p>\r\n\r\n<p>因为笔者接触手机时间有限，只能从片面上给出这个问题的答案。中午时我将手机充满电，中度使用，期间一直连接 2G 网络，不时刷微博、拍照、录视频，最后到了晚上十点左右还有 60% 左右的电量，作为一个魅族&苹果用户而言，这样的成绩让我非常满意。有人说手机待机的标准应是 10 小时的火车旅途使用，我对这一点表示同意，相信对于 Find7 来说，是经得起考验的。</p>\r\n\r\n<p><img alt=\"IMG_6908.JPG\" src=\"https://cdn.sspai.com/attachment/origin/2014/05/04/71200.jpg?imageView2/2/w/1120/q/90/interlace/1/ignore-error/1\" style=\"height:442px; width:664px\" title=\"IMG_6908.JPG\" /></p>\r\n\r\n<p>▲Find7 采用可拆卸电池，并且电池有 8 个触点，颇为奇葩</p>\r\n\r\n<h2>相机</h2>\r\n\r\n<p>相机方面，Find7 发布前，一张分辨率超过 5000W 的样张照片引起了大家的注意，在煮机网<a href=\"http://www.zoopda.com/2108\">《OPPO Find7 5000W 像素 猜想》</a>一文中，对这种技术做了如下解答：</p>\r\n\r\n<blockquote>「多重拍摄（Multi-Shot）提升像素的技术，以前哈苏使用过，当时的瓶颈是处理器要求太高，软件合成太慢，难以普及。而近几年随着智能手机的发展，手机处理器的性能已经非常恐怖，可以和早期双核电脑相比。处理器瓶颈对相机是问题，对手机已经不是问题。而采用多重拍摄（Multi-Shot）提升像素也好，多帧降噪也好都是提升画质的好办法。 」</blockquote>\r\n\r\n<p><img alt=\"IMG_6798.JPG\" src=\"https://cdn.sspai.com/attachment/origin/2014/05/04/71201.jpg?imageView2/2/w/1120/q/90/interlace/1/ignore-error/1\" style=\"height:442px; width:664px\" title=\"IMG_6798.JPG\" /></p>\r\n\r\n<p>▲Find7 1300W 索尼堆栈式摄像头</p>\r\n\r\n<p>在实际拍摄中，Find7 体验优秀，不仅对焦速度飞快，而且画质优秀，景深塑造可圈可点，并且 OPPO 独特的在锁屏界面下画圈启动相机手势功能的加入也使得 Find7 成为一台可以信赖的「随手拍」设备。</p>\r\n\r\n<p><img alt=\"Screenshot_2014-04-29-18-30-53-388.png\" src=\"https://cdn.sspai.com/attachment/origin/2014/05/04/71202.png?imageView2/2/w/1120/q/90/interlace/1/ignore-error/1\" style=\"height:1180px; width:664px\" title=\"Screenshot_2014-04-29-18-30-53-388.png\" /></p>\r\n\r\n<p>▲简易便捷的拍摄菜单，具有多种设置选项，可玩性很高</p>\r\n\r\n<p>关于 1300W 拍出 5000W 的多重拍摄（Multi-Shot）提升像素的技术，经过笔者的实际测试效果提升明显，细节还原真实，最重要的是，即便输出的是 5000W 的照片，但 Find7 的处理速度很快，并不会感受到明显的延迟。</p>\r\n\r\n<p><img alt=\"a.png\" src=\"https://cdn.sspai.com/attachment/origin/2014/05/04/71204.png?imageView2/2/w/1120/q/90/interlace/1/ignore-error/1\" title=\"a.png\" /></p>\r\n\r\n<p><img alt=\"b.png\" src=\"https://cdn.sspai.com/attachment/origin/2014/05/04/71205.png?imageView2/2/w/1120/q/90/interlace/1/ignore-error/1\" title=\"b.png\" /></p>\r\n\r\n<p>▲使用「超清画质」前后样张 100% 放大对比，细节提升明显</p>\r\n\r\n<h2>方舟编译器，和「边解释边执行」说再见</h2>\r\n\r\n<p>如果你是一位老 Android 用户，相信会对围绕着那些第三方应用的一些「怪问题」感同身受。<br />\r\nAndroid 2.X - 4.X 时，应用打开速度不佳，运行起来有时还会卡顿一下；而到了 Android 5.0 — 6.0，应用的流畅度上去了，但安装过程却变得无比漫长，有时候装一个应用要两三分钟，一旦遇上更新系统，还要花不少时间等待「优化应用」。</p>\r\n\r\n<p>这些现象都是 CPU 的原理所决定的，就像我们对着不懂中文的外国人搭话时他们难以理解我们要表达的意思，CPU 也无法直接处理丢给它的英文字母码代码。</p>\r\n\r\n<p>CPU 能看懂的，只有由无数个「0」和「1」组成的二进制代码，也就是「机器码」。这时，我们就需要用一些方法将应用开发过程中所用的编程语言转化为机器码，「读」给 CPU。<strong>和现实中的语言翻译一样，这样的过程也是一种翻译，也就是我们所说的「编译」。</strong></p>\r\n\r\n<p>在 Android 的发展初期，Google 使用了两种方案：第一种叫解释执行，也就是将代码一句一句翻译成机器码；第二种叫 JIT（Just In Time），在应用运行的同时，实时编译出机器码。</p>\r\n\r\n<p>这两种方案构成了 Android 初期的应用编译方式。它们的优点是对内存和存储空间的压力很小，但缺点也很明显：想象一下平时交流时，对面说一句话，中间人再翻译一句给你听，然后你才能明白他的意思，沟通效率无疑是较为低下的。所以那个时候 Android 应用的执行效率较低，卡顿、无响应甚至死机的现象也时有发生。</p>\r\n\r\n<p> </p>\r\n\r\n<p><img alt=\"早期 Android 编译方式示意图\" src=\"https://cdn.sspai.com/2019/04/25/10e4bedbcbae541aacb912aa55474a8d.png?imageView2/2/w/1120/q/90/interlace/1/ignore-error/1\" style=\"width:700px\" title=\"早期 Android 编译方式示意图\" /></p>\r\n\r\n<p>早期 Android 编译方式示意图</p>\r\n\r\n<p> </p>\r\n\r\n<p>为了解决这种「边解释边执行」带来的效率问题，谷歌又在 Android 5.0 开始引入了新的编译方式：AOT（Ahead Of Time），这种方式会在应用安装时就进行编译，并将编译好的机器码储存在设备中。</p>\r\n\r\n<p>这样每次打开应用都会直接执行机器码，运行时省掉了编译过程；不仅打开应用的速度更快，用起来也更流畅，同时由于不需要实时编译，运算压力降低，还起到了省电的功效。</p>\r\n\r\n<p> </p>\r\n\r\n<p><img alt=\"Google 通过引入 ART 运行时来提升编译效率\" src=\"https://cdn.sspai.com/2019/04/25/77a7d69578a804c5f662c7b4234996cf.png?imageView2/2/w/1120/q/90/interlace/1/ignore-error/1\" style=\"width:700px\" title=\"Google 通过引入 ART 运行时来提升编译效率\" /></p>\r\n\r\n<p>Google 通过引入 ART 运行时来提升编译效率</p>\r\n\r\n<p> </p>\r\n\r\n<p>不过 AOT 带来的问题也很明显：编译成机器码是一项耗时的工作，而这毫无疑问地会延长安装所需的时间。根据应用本身的大小和复杂程度，所需要的安装时间也会受到影响；大一些的应用，甚至会需要数分钟。</p>\r\n\r\n<p>而且，编译好的机器码，本身也较为占用存储空间；对于一些不常用的应用，就有点显得得不偿失了。</p>\r\n\r\n<p>所以，在 Android 7.0 之后，谷歌又重新引入了优化过的 JIT 编译模式，三种模式并存，只将一部分重要的代码利用 AOT 编译，其他代码实时编译，从而达到二者之间的平衡。</p>\r\n\r\n<p>但是既然依旧保留了「边转化，边执行」的环节，在这个过程中，性能依旧不可避免地会遭受到一定损失。有没有办法让系统更高效地运行程序呢？</p>\r\n\r\n<p>华为则提出了一种新的编译方式：在开发环境就直接一次性将机器码编译出来，打包在安装包中；应用安装完毕就可以直接运行机器码，不需要手机端再次负责编译工作，实现运行效率的最大化提升。这一编译方式的落地化成果，就是随 EMUI 9.1 一道发布的「华为方舟编译器」。</p>\r\n\r\n<p> </p>\r\n\r\n<p><img alt=\"方舟编译器介绍\" src=\"https://cdn.sspai.com/2019/04/25/f32aada8fd55f76a78e347f31149ef0d.jpg?imageView2/2/w/1120/q/90/interlace/1/ignore-error/1\" style=\"width:700px\" title=\"方舟编译器介绍\" /></p>\r\n\r\n<p>方舟编译器介绍</p>\r\n\r\n<p> </p>\r\n\r\n<p>据官方提供的数据，应用了「方舟编译器」的 EMUI 系统组件，流畅度获得了 24% 的提升；而响应速度更是提升了 44%，获益极为明显。</p>\r\n\r\n<p>而对于第三方应用的适配也在紧锣密鼓的进行中，实验显示采用了「方舟编译器」的微博极速版运行速度和流畅度提升明显。</p>\r\n\r\n<p>为了一探究竟，我们下载了微博极速版进行体验。这里需要注意的一点是，在与EMUI的开发人员沟通中得知，目前从华为应用市场上下载的微博极速版并非是使用了「方舟编译器」的版本，新版本正在紧张的后期测试中，用户想要体验还需稍等些时日。虽然如此，但我们却发现即使是普通的微博极速版，在面对性能同样优秀的竞争对手时，EMUI在打开和加载首页的速度上依旧略胜一筹；而在切换模块、滚动时间流，以及加载图片和视频时，也有着更流畅的体验。这其中的原因可能是「方舟编译器」对system service也有一定程度的提升，如果应用也采用了新的编译机制，优势或许将会更明显。</p>\r\n\r\n<p> </p>\r\n\r\n<p><img alt=\"为呈现启动速度，该动图经过了慢动作处理\" src=\"https://cdn.sspai.com/2019/04/25/658c2fedaa456334df6f1929577ff47e.gif?imageView2/2/w/1120/q/90/interlace/1/ignore-error/1\" style=\"width:450px\" title=\"为呈现启动速度，该动图经过了慢动作处理\" /></p>\r\n\r\n<p>为呈现启动速度，该动图经过了慢动作处理</p>\r\n\r\n<p> </p>\r\n\r\n<p> </p>\r\n\r\n<p><img alt=\"同样网络环境下的时间流加载速度也稍胜一筹\" src=\"https://cdn.sspai.com/2019/04/25/eb3dc2f6255fde469d94c370a194867f.gif?imageView2/2/w/1120/q/90/interlace/1/ignore-error/1\" style=\"width:450px\" title=\"同样网络环境下的时间流加载速度也稍胜一筹\" /></p>\r\n\r\n<p>同样网络环境下的时间流加载速度也稍胜一筹</p>\r\n\r\n<p> </p>\r\n\r\n<p>和上文中的超级文件系统一样，华为依旧没有将其保留给自己，而是决定让更多 App 开发者和手机厂商加入，共同普及这一新的编译方式；「方舟编译器」将在 2019 年全面开源，凭借华为的市场占有率，手持搭载 EMUI 9.1 系统的手机，或许很快就能体验到这一架构级加速的体验提升。</p>\r\n\r\n<h2>小结</h2>\r\n\r\n<p>超级文件系统和「方舟编译器」的推出，让我们看到了华为的问题解决思路：如果现在的方案不够好，那就自己造一个。</p>\r\n\r\n<p>但与此同时，对于超级文件系统和方舟编译器这样的成果，华为也并没有选择封闭。在将这些创新回馈给开源社区后，更多的 Android 用户其实能够因此而受益——当然，如果你等不及这些「黑科技」在整个 Android 生态中铺开，也可以在搭载了 EMUI 9.1 的华为 P30 系列手机上抢先体验。</p>\r\n', '28', null, null);
INSERT INTO essayinfo VALUES ('32', '「城像体验」OPPO Ace 2影像体验报告', '13', '1', '2020-06-13 20:05:01', '0', '../PhoneMark_images/eefaeab0-1562-4ed5-bd56-3fa340cc6ee175b87bd7effb9ac249c9ca8bdbd8fd16.jpeg', '<h2> </h2>\r\n\r\n<p>「前言」</p>\r\n\r\n<p> </p>\r\n\r\n<p>在2020年4月13日，OPPO给我们带来了Ace的更新产品Ace 2，而在发布会上我们也看到Ace系列宣布独立，单独成为了一条产品线。而在其一代产品的时候就获得了不少玩家的青睐，所以今天的主角自然也会备受关注，而这次我又是在发布会前提前上手了这款产品，因为自己主要是影像为主，所以接下来我就和大家分享一下，这段时间自己使用Ace 2时候的感受。 </p>\r\n\r\n<p><img alt=\"\" src=\"https://cdn.sspai.com/2020/05/12/5ca65d88a9a8c48f7daf7c783dd9bad8.jpeg?imageView2/2/w/1120/q/90/interlace/1/ignore-error/1\" style=\"height:498px; width:664px\" /></p>\r\n\r\n<h2> </h2>\r\n\r\n<p>「熟悉的IMX586」</p>\r\n\r\n<p> </p>\r\n\r\n<p>对于这枚4800万像素的主摄我相信关注手机的你应该不会感到陌生了。IMX586是一枚光圈1.8，1/2.0英寸的CMOS，通过4合1技术，能够最大输出一张4800万像素的照片，这样在我们拍摄的时候能够得到更多的细节，接下来让我们来看一张我拍的样张。通过照片信息我们可以看到4800万像素模式下平均一张照片的文件大小在5MB左右。</p>\r\n\r\n<p><img alt=\"\" src=\"https://cdn.sspai.com/2020/05/12/bfb9f3073a46b009465cadd79157179d.jpg?imageView2/2/w/1120/q/90/interlace/1/ignore-error/1\" style=\"height:1476px; width:664px\" /></p>\r\n\r\n<p>这时我们将照片在相册中进行放大，可以清楚的看到两者在颜色偏好上有了明显的差别，在一亿像素模式下，解析力也并未发挥真正的作用。</p>\r\n\r\n<p><img alt=\"\" src=\"https://cdn.sspai.com/2020/05/12/ba226b717a22973d83febe0eea792b72.jpeg?imageView2/2/w/1120/q/90/interlace/1/ignore-error/1\" style=\"height:738px; width:664px\" /></p>\r\n\r\n<p>在拍摄界面我们可以看到有2x、5x等不同焦段的切换选项，最大支持10倍的数码变焦。在默认情况下手机输出的照片是一张1200万像素的照片，在一般光线不充足的情况下，手机会通过4合1技术，通过算法合成得到一张1200万像素的照片，这样做的好处在于能够让照片包含更高清的细节，同时也实现了单个像素采光能力的有效提升，进而达到减少噪点的目的。</p>\r\n\r\n<p><img alt=\"\" src=\"https://cdn.sspai.com/2020/05/12/52b30dded87a26077de319c5d65924ed.jpg?imageView2/2/w/1120/q/90/interlace/1/ignore-error/1\" style=\"height:498px; width:664px\" /></p>\r\n\r\n<p> </p>\r\n\r\n<h2> </h2>\r\n\r\n<p>「800万像素超广角」</p>\r\n\r\n<p> </p>\r\n\r\n<p>这次OPPO Ace 2配备了一枚800万像素，光圈2.2的超广角镜头，视野能够达到119度，让我们在日常拍摄时能够捕捉到更广的画面，特别是对于拍摄建筑或者聚会的时候。</p>\r\n\r\n<p><img alt=\"\" src=\"https://cdn.sspai.com/2020/05/12/ddb176e076295d703c01ec6eb0f9a72f.jpeg?imageView2/2/w/1120/q/90/interlace/1/ignore-error/1\" style=\"height:498px; width:664px\" /></p>\r\n\r\n<p>说到超广角，有两个问题可以说是老生常谈了。一个是超广角所带来的边缘解析力下降的问题；一个是超广角所带来的画面畸变问题。通过实拍样张发现，边缘画面的解析力出现了下降的情况，与此同时还伴随有紫边的出现。</p>\r\n\r\n<p><img alt=\"\" src=\"https://cdn.sspai.com/2020/05/12/86f72e29bb113f9fa6a7c9ae91bb336b.jpg?imageView2/2/w/1120/q/90/interlace/1/ignore-error/1\" style=\"height:885px; width:664px\" /></p>\r\n\r\n<p>而这次OPPO Ace 2搭载的这枚超广角镜头还有另外一个作用，那就是可以进行微距拍摄，最近对焦距离达到了3厘米，这样当用户有这样需求的时候，就可以直接打开来进行拍摄了，同样的让我们一起来看一些我的实拍样张。</p>\r\n\r\n<p> </p>\r\n\r\n<h2> </h2>\r\n\r\n<p>「夜景之美」</p>\r\n\r\n<p> </p>\r\n\r\n<p>前面刚好跟大家说到了4合1技术，这里简单的和大家说一下，其原理就是通过CMOS上4个像素点的采样信息合成为1个像素，好处上面也提到了，在能保证高清细节的同时，也能提升照片在暗光环境下的表现。</p>\r\n\r\n<p><img alt=\"\" src=\"https://cdn.sspai.com/2020/05/12/a97fa8d4ebde69748bf863a4c6ae08c5.jpeg?imageView2/2/w/1120/q/90/interlace/1/ignore-error/1\" style=\"height:498px; width:664px\" /></p>\r\n\r\n<p>那么说到了暗光环境拍摄，那么自然就要说到夜景功能了，这个现在已经是中高端安卓手机的标配功能了，那么话不多说让我们直接来看样张。</p>\r\n\r\n<p><img alt=\"\" src=\"https://cdn.sspai.com/2020/05/12/1f85c7a38510741f9058983c2504490a.jpg?imageView2/2/w/1120/q/90/interlace/1/ignore-error/1\" style=\"height:498px; width:664px\" /></p>\r\n\r\n<p>在夜景模式下，支持超广角、1x、2x、5x的拍摄，如果夜晚需要记录下一些宏大的场景，这时候就派上用场了。</p>\r\n\r\n<p><img alt=\"\" src=\"https://cdn.sspai.com/2020/05/12/def498fed7d30954146c6101e8a271f5.jpeg?imageView2/2/w/1120/q/90/interlace/1/ignore-error/1\" style=\"height:498px; width:664px\" /></p>\r\n\r\n<p>通过样张我们可以看到，OPPO Ace 2的夜景模式在整体曝光上还是比较倾向于明亮。好处就是能够让画面暗部呈现更多的细节，不过坏处就是亮部容易出现过曝的情况。不过Ace 2的表现还不错。</p>\r\n\r\n<p>在我使用夜景模式进行拍摄时发现，当我们按下快门之后拍摄的时间不长，但是等待处理的时候有一些久，希望后续可以通过软件升级来解决这个问题，毕竟这个小小的细节对于拍摄体验还是有着比较明显的影响。</p>\r\n\r\n<p><img alt=\"\" src=\"https://cdn.sspai.com/2020/05/12/95b1f8adbff1fef99e287649ad723d57.gif?imageView2/2/w/1120/q/90/interlace/1/ignore-error/1\" style=\"height:298px; width:664px\" /></p>\r\n\r\n<h2> </h2>\r\n\r\n<p>「专业模式」</p>\r\n\r\n<p> </p>\r\n\r\n<p>作为一台安卓手机，那么专业模式是必不可少的，也就是很多人会说的手动模式，让用户可以手动去调整快门速度、ISO、色温等。而这次在发布会上提到的1亿像素模式，就隐藏在其中。</p>\r\n\r\n<p><img alt=\"\" src=\"https://cdn.sspai.com/2020/05/12/c21d7915abb15e152e336576848b0825.jpg?imageView2/2/w/1120/q/90/interlace/1/ignore-error/1\" style=\"height:299px; width:664px\" /></p>\r\n\r\n<p>当我们打开专业模式之后，可以在顶部的菜单栏中间看到一个名为“XHD”的选项，点击之后就进入了超清画质模式了。</p>\r\n\r\n<p>这个时候我们仍然可以对照片的拍摄参数进行调整，不过需要注意的是在超清画质模式下，快门速度仅能到1/8s。而在非超清画质模式下，快门速度最长可以进行32s的拍摄。</p>\r\n\r\n<p><img alt=\"\" src=\"https://cdn.sspai.com/2020/05/12/3254c3c6b7c584c20654ff42e7405ec8.jpeg?imageView2/2/w/1120/q/90/interlace/1/ignore-error/1\" style=\"height:598px; width:664px\" /></p>\r\n\r\n<h2> </h2>\r\n\r\n<p>「视频拍摄」</p>\r\n\r\n<p> </p>\r\n\r\n<p>现在很多人都开始拿起手机来通过视频的方式记录自己的生活，本次的OPPO Ace2和去年的Reno系列一样，支持超级防抖功能，让我们在想拍的时候拿出来就拍，而不需要随时为其准备一个手机稳定器来保证拍摄到稳定流畅的画面。</p>\r\n\r\n<p><img alt=\"\" src=\"https://cdn.sspai.com/2020/05/12/f481b4c8285a1edd291f7cc4fb9b9631.jpg?imageView2/2/w/1120/q/90/interlace/1/ignore-error/1\" style=\"height:1476px; width:664px\" /></p>\r\n\r\n<p>OPPO Ace2的超级防抖与之前一样，采用了超广角拍摄，然后对画面进行裁剪再对齐的操作，这样做的效果更加明显，只是会同时牺牲了一定的取景范围，所以我们可以看到当我打开超级防抖功能后，取景框里的画面就变小了。</p>\r\n\r\n<p> </p>\r\n\r\n<p>在视频分辨率上，OPPO Ace2最高可以支持4k 60fps的拍摄，这与一众旗舰处于同一起跑线了，在带来更清晰画面的同时，流畅度也得到进一步的提升，对于满足用户日常生活的记录能够基本满足了。</p>\r\n\r\n<p><img alt=\"\" src=\"https://cdn.sspai.com/2020/05/12/d44b820073c55f536de39c098e9c8d33.jpg?imageView2/2/w/1120/q/90/interlace/1/ignore-error/1\" style=\"height:1476px; width:664px\" /></p>\r\n\r\n<h2> </h2>\r\n\r\n<p>「续航与充电」</p>\r\n\r\n<p> </p>\r\n\r\n<p>这次的OPPO Ace2与其上一代产品一样，搭载了65W的SuperVOOC闪充，电池容量为4000mAh。也是我这段时间使用下来，最想和大家说一说的一个点，这样的组合可以算作是目前量产手机中最强的充电系统了，有线的情况下，仅仅只需要30分钟就能满血复活，可以说彻彻底底的治好了我的“电量焦虑症”，每次在没电的时候看着那电量疯涨的情景，真是让人心情愉悦。除此之外，这次Ace 2还配备了10W反向无线充电技术，让我出门可以少带一个充电宝了。（而关于发布会提到的40W无线充电，后面也会给大家带来体验内容）</p>\r\n\r\n<p><img alt=\"\" src=\"https://cdn.sspai.com/2020/05/12/00adfd82aef709e3fed7b47d76fc3743.jpg?imageView2/2/w/1120/q/90/interlace/1/ignore-error/1\" style=\"height:1476px; width:664px\" /></p>\r\n\r\n<p>那么其充电快，是不是耗电也会快呢？毕竟有着一块90Hz刷新率的屏幕。接下来就让我们一起来看看正常使用情况下的耗电情况吧。</p>\r\n\r\n<p><img alt=\"\" src=\"https://cdn.sspai.com/2020/05/12/94265f24faa802c600f26f8dc59c9168.jpg?imageView2/2/w/1120/q/90/interlace/1/ignore-error/1\" style=\"height:1476px; width:664px\" /></p>\r\n\r\n<h2> </h2>\r\n\r\n<p>「总结」</p>\r\n\r\n<p> </p>\r\n\r\n<p>好了，到这里也该和大家总结一下了。作为一款游戏手机应该是同类产品中最轻的一个了。但是如果要说到拍摄方面，那么这次的OPPO Ace2因为长焦的缺失稍有遗憾，虽然在拍摄界面能够提供变焦选项，但是都是数码变焦，而并非光学变焦。</p>\r\n\r\n<p><img alt=\"\" src=\"https://cdn.sspai.com/2020/05/12/017fb791d100cfbca486aea3860959bc.jpeg?imageView2/2/w/1120/q/90/interlace/1/ignore-error/1\" style=\"height:498px; width:664px\" /></p>\r\n\r\n<p>对于OPPO Ace2的目标用户群，对于使用另外两枚人像和肖像镜头的机率就像用前置镜头自拍差不多，对于我来说不如换一枚长焦镜头能够2倍光学变焦更好。</p>\r\n\r\n<p>当然，在我使用的是这段时间里，还是有一些细节小惊喜的，比如我们在拍摄界面下滑动变焦，当你从1x到2x的那一刻，通过Z轴线性马达模拟了振感；在我们使用专业模式拍摄调整参数时，同样也会有振感。</p>\r\n\r\n<p>希望接下来能够继续优化拍摄方面的体验，比如更加准确的白平衡，对焦速度等。</p>\r\n\r\n<p>而作为一款游戏手机的影像系统来说，让用户去面对生活记录是基本够用了，应该算作是上半年主打游戏体验手机中的一款“水桶机”了吧。</p>\r\n\r\n<p><img alt=\"\" src=\"https://cdn.sspai.com/2020/05/12/c3266854f1af488815468281ae762fac.jpeg?imageView2/2/w/1120/q/90/interlace/1/ignore-error/1\" style=\"height:498px; width:664px\" /></p>\r\n\r\n<p>如果你对于这款手机还有什么想要了解的，也欢迎在下方留言与我一起讨论。</p>\r\n', '27', null, null);
INSERT INTO essayinfo VALUES ('35', '聊聊小米 10', '14', '1', '2020-06-13 20:20:49', '0', '../PhoneMark_images/baa5a763-c749-4023-a737-339fc1d19bff52c529d0c3bba39200f4f52ec39205a1.png', '<p><img alt=\"\" src=\"https://cdn.sspai.com/2020/03/12/5d2e2c1a804c80c4b6b5c7b6db39c532.png?imageView2/2/w/1120/q/90/interlace/1/ignore-error/1\" style=\"height:348px; width:664px\" /></p>\r\n\r\n<p>请输入图片标题</p>\r\n\r\n<p>我永远都记得那天——2月13号。</p>\r\n\r\n<p>广州的阳光特别明媚，充沛的光线如同一股能量，它穿透一切再肆意妄为，直到来到我的房间，它立马衰减，因为执拗不过那股浓郁的水润气息。</p>\r\n\r\n<p>我翻了翻身，刚准备拿纸巾，这过程手机亮了——朋友的消息。</p>\r\n\r\n<p>他给我介绍小米10——高通865、LDDR5、一亿像素……一大堆参数，而我从这不明觉厉的参数中颤栗了，因为雷军的一句话：“小米10，3999 元交个朋友。”</p>\r\n\r\n<p>之所以颤栗，在我过去的年华里，我只在交异性的朋友中用到钱，没想过交同性的朋友都要钱，而且还是名中年男子，然而让人惊讶的是，第二天雷军就出现在我的朋友圈：</p>\r\n\r\n<p> </p>\r\n\r\n<p><img alt=\"\" src=\"https://cdn.sspai.com/2020/03/12/4ee488198759a9656495328665f9591b.gif?imageView2/2/w/1120/q/90/interlace/1/ignore-error/1\" style=\"height:744px; width:664px\" /></p>\r\n\r\n<p>为了和雷军交朋友，我买！</p>\r\n\r\n<p>我第一选择是小米10 Pro ，按照流程预约，问朋友借了5000，利息10%一天。2月24日早上我掐秒点击购买，奇迹的事……并没有发生……</p>\r\n\r\n<p>事后一想，确实有道理，朋友给我发的那句只说3999 元交个朋友，没说4999也交朋友。所以2月28号，我不幸在办公期间上抢到小米10 ……说是不幸，不仅是意味我又要一个人熬夜画图、写文案、想内容，而是小米10有三种颜色：黑、绿、金。而我只抢到……</p>\r\n\r\n<p><img alt=\"\" src=\"https://cdn.sspai.com/2020/03/12/e8a6f0e63aad1a258e2bf3e53eee9d88.gif?imageView2/2/w/1120/q/90/interlace/1/ignore-error/1\" style=\"height:405px; width:664px\" /></p>\r\n\r\n<p> </p>\r\n\r\n<p>官方描述为蜜桃金，坦白讲我喜欢蜜桃，更喜欢金，但这两者加在一块，就好像一个左右结构的字，分开时很舒服，合在一起就很痛苦。</p>\r\n\r\n<p>蜜桃金的小米10背面是粉色，边框是金色，个人认为分裂感挺强，即便第一眼看很青春无限，看久了还是成了鬼火少年。如果你们想买小米10，建议黑色，我估计绿的也不太好。</p>\r\n\r\n<p>然而为了配合这次画图的风格，请各位爸爸从线条中脑补真机——</p>\r\n\r\n<p><img alt=\"\" src=\"https://cdn.sspai.com/2020/03/12/f4e3a4eecb0d67f72e870102da08a5ee.gif?imageView2/2/w/1120/q/90/interlace/1/ignore-error/1\" style=\"height:973px; width:664px\" /></p>\r\n\r\n<p><img alt=\"\" src=\"https://cdn.sspai.com/2020/03/12/89ebdf92d2fac3f626c80095324d8324.gif?imageView2/2/w/1120/q/90/interlace/1/ignore-error/1\" style=\"height:1000px; width:664px\" /></p>\r\n\r\n<p>如上面的图。</p>\r\n\r\n<p>小米10拥有超高屏占比，相比小米9也拥有更大的电池用量。从外观看来这一切确实很主流，但“主流”的言外之意就是识别度不高，我有点理解小米为啥用些抢眼的颜色，因为使用期间别人只觉得我换了手机，几乎没有人猜到这是最新的小米10，或者他们对于这种主流的设计已不感冒也不好奇，相比之下他们更好奇我的性取向是否变了。</p>\r\n\r\n<p>“男人就不能爱粉色！我还特爱印着100的粉色纸呢！”</p>\r\n\r\n<p>而小米10的配置也很主流，“屏幕90hz刷新率。”这话即便你不是数码圈的人，听人说多了，都感觉有毒。确实，如今安卓阵营慢慢从曾经60hz刷新率更换成90hz刷新率，而iPhone仍死守60 hz。高刷新率的好处就是快速移动的画面没过多拖影。</p>\r\n\r\n<p><img alt=\"\" src=\"https://cdn.sspai.com/2020/03/12/0cb0c55f00b60f2bf9f4938ca9254a38.gif?imageView2/2/w/1120/q/90/interlace/1/ignore-error/1\" style=\"height:548px; width:664px\" /></p>\r\n\r\n<p> </p>\r\n\r\n<p>毕竟上下移动是我们如今最常用的动作，刷微博、刷朋友圈，更高的刷新率意味有更好的观感体验，但有的人说用了90 hz就回不去。</p>\r\n\r\n<p>我倒想问，“你在哪？被隔离了？”</p>\r\n\r\n<p>如果要我用手指快速上下滑动，旁边放一台60hz刷新率作为对比，我是能看出区别。但单手握持操作与iPhone相比，我觉得不至于回去，因为有一个很重要的原因——画面滑动的惯性。我发现iPhone轻轻移动，画面往下滚的惯性更大，用人话：“相同的力度下，画面滚动的内容更多”。</p>\r\n\r\n<p>可能我习惯拇指边缘滑动页面，手上这台小米10 刷微博、浏览网页，相比iPhone 它仿佛要用更大的力度，类似开车，这车我要踩到地板油它才发飙。但我也建议别太指望它能给你飞流直下三千尺，它大概有点柳暗花明又一村，毕竟软件层面还需要时间跟进。</p>\r\n\r\n<p>而小米10第二大卖点拍照——四摄。</p>\r\n\r\n<p> </p>\r\n\r\n<p><img alt=\"\" src=\"https://cdn.sspai.com/2020/03/12/cbec6d3aac9f6d97a2bbcc0a68e9a232.gif?imageView2/2/w/1120/q/90/interlace/1/ignore-error/1\" style=\"height:807px; width:664px\" /></p>\r\n\r\n<p>这套搭配上看着没毛病，小至微距镜头，大至超广角，主摄一亿像素，似乎方方面面都照顾好了，但好的硬件，不等于好的体验，从我的体验上感觉它们不是一户人……是三户。</p>\r\n\r\n<p> </p>\r\n\r\n<p>原本我以为拍照体验是这样——</p>\r\n\r\n<p><img alt=\"\" src=\"https://cdn.sspai.com/2020/03/12/17d0be9d38be35e7607dd7d29a4274e5.gif?imageView2/2/w/1120/q/90/interlace/1/ignore-error/1\" style=\"height:866px; width:664px\" /></p>\r\n\r\n<p>我不要求放大缩小能像iPhone那样流畅，至少我觉得逻辑是这样。</p>\r\n\r\n<p>实际体验，它只有在【拍照】的选项里才有刚刚的逻辑，问题是【拍照】模式它不是一亿像素而是2500万像素，为了弱光条件下能拥有更明亮的图像，像素进行了四合一。</p>\r\n\r\n<p><img alt=\"\" src=\"https://cdn.sspai.com/2020/03/12/14cc6a7681f1d582549e561f3346ee16.gif?imageView2/2/w/1120/q/90/interlace/1/ignore-error/1\" style=\"height:866px; width:664px\" /></p>\r\n\r\n<p>实际体验还行，对得起那些描叙，不像曾经小米电视预告8K，结果发布会上说：“我们的芯片支持8k。”但屏幕不支持8K……</p>\r\n\r\n<p><img alt=\"\" src=\"https://cdn.sspai.com/2020/03/12/af26562eed7c38a284f11b8d06ea6e51.gif?imageView2/2/w/1120/q/90/interlace/1/ignore-error/1\" style=\"height:529px; width:664px\" /></p>\r\n\r\n<p>我的耳朵在这双喇叭熏陶下重看了一集《想见你》，我差点看成了：</p>\r\n\r\n<p><img alt=\"\" src=\"https://cdn.sspai.com/2020/03/12/3fc77d7baa71c9a9bd47249f4750a949.png?imageView2/2/w/1120/q/90/interlace/1/ignore-error/1\" style=\"height:925px; width:664px\" /></p>\r\n\r\n<p>音质确实还行，但有一小问题，平日用手机功放音量50%就够了，而小米10 不清楚是否还没优化好，50%的档位时声音还有点小，我要调到70%甚至100%才能满足内心的狂野。</p>\r\n\r\n<p><img alt=\"\" src=\"https://cdn.sspai.com/2020/03/12/09dc5f9af6f37db39efeaa769d61371c.gif?imageView2/2/w/1120/q/90/interlace/1/ignore-error/1\" style=\"height:866px; width:664px\" /></p>\r\n\r\n<p>而小米10的狂野还有一颗为爱发电的高通865，以及饥渴难耐的LPDDR5闪存。</p>\r\n\r\n<p><img alt=\"\" src=\"https://cdn.sspai.com/2020/03/12/68d633297ae96b4a8d75ebdd2739a350.gif?imageView2/2/w/1120/q/90/interlace/1/ignore-error/1\" style=\"height:809px; width:664px\" /></p>\r\n\r\n<p>玩游戏、啥的都没问题，但小米为了榨干它，推出8K录像，录像后能够截图充当相片，这想法挺好但这一操作很显然865芯片还没准备好……截图保存有点慢。</p>\r\n\r\n<p><img alt=\"\" src=\"https://cdn.sspai.com/2020/03/12/2a2886e38faeedc9af83e003ee5c9b81.gif?imageView2/2/w/1120/q/90/interlace/1/ignore-error/1\" style=\"height:866px; width:664px\" /></p>\r\n\r\n<p>或许看到这，你们已经把我定义为成一枚米黑，没关系，但我想多说一些我对小米公司的看法，我相信每个人都用过小米的产品，净水器、智能家居甚至小米的床垫、水壶。我还记得小米在香港上市的时候，我想尽办法要买小米的股票。因为我觉得这家公司或多或少如他们所说：“新国货。”而我家也挺多小米的东西，小至数据线，大至电视，小米手机至今有两台让我印象很深刻：</p>\r\n\r\n<p><img alt=\"\" src=\"https://cdn.sspai.com/2020/03/12/6a9d7d6a71de6d9ba4e8fbee0bdb72f7.png?imageView2/2/w/1120/q/90/interlace/1/ignore-error/1\" style=\"height:602px; width:664px\" /></p>\r\n\r\n<p>之所以选小米4，因为觉得小米3真的太丑，即便小米4 谈不上特别惊艳，但我喜欢它有点类似iPhone 4的模样，而第一代小米MIX不用多说，我看那场发布会的时候真的非常激动，以下这段截图就是我那场发布会后所写的：</p>\r\n\r\n<p><img alt=\"\" src=\"https://cdn.sspai.com/2020/03/12/993ba0e5bbbcb9705bf946f6a18cf2d8.png?imageView2/2/w/1120/q/90/interlace/1/ignore-error/1\" style=\"height:1437px; width:664px\" /></p>\r\n\r\n<p>3年多过去了，此后小米手机好像再没有一台让我震撼的手机，相比三年前，小米布局更大进步更快，但我总觉得少了些沉淀……因为小米依旧不依旧。</p>\r\n\r\n<p>去年的小米9还有至今仍没上市的MIX alpha我感觉都不是很好的答卷，过去这些年小米手机从水滴屏、MIX 3的滑盖、小米8还出过类似iPhone的Face id，这些在小米10上都没有了，因为安卓阵营的主流又变了，因此小米10 给我的感觉它有点新，新得似乎没太多沉淀的气息，这机子可能最大的竞争力是那枚和三星研发的一亿像素，但那枚一亿像素相比S20 系列那枚还是有差别，具体不在这展开。</p>\r\n\r\n<p>或许如今的局面不全是小米问题，国内的手机竞争真的太大，虽然风还没停，但风确实弱了，因为没什么会恒久不变，就像我的房间这下没有了那股浓烈的水润气息，因为我没开加湿器，我起来也不用伸手拿纸巾，因为这一觉没有流口水。</p>\r\n', '29', null, null);
INSERT INTO essayinfo VALUES ('36', '派早报：新版 Gmail 正式更新，小米发布小米 6X 手机，Google 推出待办事项应用 Google Tasks 等', '14', '1', '2020-06-13 20:22:24', '0', '../PhoneMark_images/42bb028e-d66f-44e6-af44-cbfa8d3a333e6ed6056b-a576-04a3-d0e3-9f2f26619fde.jpg', '<h2>新版 Gmail 正式更新</h2>\r\n\r\n<p>昨天（4 月 25 日），Gmail 迎来重大更新。网页版推出私密模式、内置权限管理、两步验证、邮件免打扰、智能回复等功能，移动端 App 也获得通知优先级、一键退订邮件等新功能。用户可以在网页版设置中选择「试用新版 Gmail」体验新版。</p>\r\n\r\n<p><img alt=\"\" src=\"https://cdn.sspai.com/2018/04/26/cccd4f4b5a23a2f0e99c71f86ef99da9.png?imageView2/2/w/1120/q/90/interlace/1/ignore-error/1\" style=\"height:411px; width:664px\" /></p>\r\n\r\n<h2>小米发布小米 6X，并宣布硬件纯利润永不超 5%</h2>\r\n\r\n<p>4 月 25 日，小米在武汉大学发布了小米 6X 手机，配备全金属机身、18:9 全面屏、前后 2000 万 AI 双摄以及骁龙 660 处理器，搭载小爱同学语音助手，支持 QC 3.0 快充，5 色可选，售价 1599 元起。</p>\r\n\r\n<p>此外，发布会上小米 CEO 雷军还宣布了一项董事会决议：「小米硬件综合净利润率永远不会超过 5%，如有超出的部分，将超出部分全部返还给用户。」</p>\r\n\r\n<p><img alt=\"\" src=\"https://cdn.sspai.com/2018/04/26/aed78675f8d96ca703324e003ba5b80d.jpg?imageView2/2/w/1120/q/90/interlace/1/ignore-error/1\" style=\"width:500px\" /></p>\r\n\r\n<p>图/小米</p>\r\n\r\n<h2> </h2>\r\n\r\n<p>Google 推出待办事项应用 Google Tasks</p>\r\n\r\n<p>伴随着 Gmail 新版的正式上线，Google 今天（4 月 26 日）同步推出了待办事项应用 Google Tasks。通过 Google Tasks，你可以管理在不同 Google 服务中添加的待办事项（日历、邮件、Keep……）。目前你可以在 <a href=\"https://itunes.apple.com/cn/app/google-tasks/id1353634006?mt=8\">App Store</a> 以及 <a href=\"https://play.google.com/store/apps/details?id=com.google.android.apps.tasks\">Google Play</a> 下载体验 Google Tasks。</p>\r\n\r\n<p><img alt=\"\" src=\"https://cdn.sspai.com/2018/04/26/c78231c1553c719285fe726773bdb560.png?imageView2/2/w/1120/q/90/interlace/1/ignore-error/1\" style=\"width:500px\" /></p>\r\n\r\n<h2>Opera 推出全新浏览器，主打单手操作</h2>\r\n\r\n<p>Opera 昨天（4 月 25 日）在 Android 平台发布了一款新的浏览器应用 Opera Touch，这款应用对界面设计为单手操作做了很多优化，据官方介绍，因为现在很多手机用户都习惯在路上浏览网页，此时通常都需要单手完成操作，因此 Opera 希望通过 UI 和 交互的调整提升单手操作体验。<a href=\"https://www.theverge.com/2018/4/25/17275230/opera-touch-mobile-browser-announced-android\" target=\"_blank\">来源</a></p>\r\n\r\n<p><img alt=\"\" src=\"https://cdn.sspai.com/2018/04/26/e7545984e366ba47a07882e5960eb755.png?imageView2/2/w/1120/q/90/interlace/1/ignore-error/1\" style=\"height:273px; width:664px\" /></p>\r\n\r\n<p>图/Opera</p>\r\n\r\n<h2> </h2>\r\n\r\n<h2>Google 将于五月底停止对 Android 7.0 设备发放认证许可</h2>\r\n\r\n<p>Google 将于五月底停止对 Android 7.0 设备发放认证许可，届时未获认证的机型将无法使用 Google 服务，用户甚至无法在手机上登录 Google 账户。</p>\r\n\r\n<p>Google 此举的目的是为了让用户可以使用更加安全的新系统，同时也减轻开发者的应用适配负担，此前 Google 就曾在 Android 7.0 发布的五个月后停止对 Android 6.0 系统设备发放认证。由于生产商可以在手机上市前完成许可授权，因此用户对没有搭载 Android 8.0 的新设备也不必过分担心。<a href=\"https://www.xda-developers.com/google-nougat-certification-play-certified-oreo/\" target=\"_blank\">来源</a></p>\r\n\r\n<h2>Instagram 推出数据下载工具，允许用户下载个人账户所有数据</h2>\r\n\r\n<p>Instagram 近日正式上线了 Data Download 工具。现在，用户可以进入 Instagram 的网页版，在个人资料页面下的「隐私与安全」找到相关工具，之后输入邮箱就可以将曾经上传的照片、发表的评论、个人资料以及其他信息一并打包下载。Instagram 称未来这项功能还会出现在 iOS 以及 Android 客户端中。<a href=\"https://www.theverge.com/2018/4/24/17276106/instagram-data-download-tool-export-privacy-gdpr-compliance%0D%0A\" target=\"_blank\">来源</a></p>\r\n\r\n<h2>LG G7 ThinQ 将于 5 月 2 日发布</h2>\r\n\r\n<p>近日，LG 宣布将于 5 月 2 日在纽约和首尔发布 G7 ThinQ，这款机器将采用 6.1 英寸 IPS LCD 「刘海屏」，分辨率为 3120 x 1440。屏幕峰值亮度高达 1000 nit，同时能够覆盖 100% DCI-P3 色域。从目前泄露的外观图看，G7 ThinQ 将使用 USB Type-C 接口，并保留了 3.5mm 耳机孔，还加回了 G6 上取消的通知灯。<a href=\"https://cn.engadget.com/2018/04/24/lg-g7-thinq-super-bright-display-lcd/\">来源</a></p>\r\n\r\n<p><img alt=\"\" src=\"https://cdn.sspai.com/2018/04/26/f9fc26c5e6a6660351f6e6b2cfe61a54.jpg?imageView2/2/w/1120/q/90/interlace/1/ignore-error/1\" style=\"height:415px; width:664px\" /></p>\r\n\r\n<p>图/Evan Blass</p>\r\n\r\n<h2>受手机摄影冲击，卡西欧宣布退出消费级卡片机市场</h2>\r\n\r\n<p>据《日本经济新闻》报道，卡西欧计划退出卡片机市场，之后将不再生产任何卡片机产品。报道称，卡西欧作出这一决定是因为近年来消费级卡片机市场受到手机摄影的严重影响，卡西欧上一财年的数码相机业务亏损达到 5 亿日元。</p>\r\n', '29', null, null);
INSERT INTO essayinfo VALUES ('37', '三星 S10e 体验报告', '15', '1', '2020-06-13 20:44:09', '0', '../PhoneMark_images/b287b153-5268-4c1b-89fa-09cfb04d4eb34ca87f1712faeb4c539e0494a1a2910c.jpg', '<h3>Matrix 精选</h3>\r\n\r\n<p><a href=\"https://sspai.com/matrix\">Matrix</a> 是少数派的写作社区，我们主张分享真实的产品体验，有实用价值的互联网领域经验、思考。我们会不定期挑选 Matrix 最优质的文章，展示来自用户的最真实的体验和观点。</p>\r\n\r\n<p>文章代表作者个人观点，少数派仅对标题和排版略作修改。</p>\r\n\r\n<hr />\r\n<p>因为双卡双待的需求，在三月下旬用三星 S10e 换掉了手头的 Pixel 2 XL。到目前用了大约一个月不到，可以来说说这部手机怎么样了。我不是专业做手机测评的，也不想要再写一篇测评文，下面的内容多是主观体验，实际感受肯定是因人而异的。使用环境在海外，系统版本地区为欧洲，除了微信和支付宝没装其他国产 App。若想要客观了解手机的各方面性能和差异，或者中国大陆地区的本地化设计，欢迎就此关闭网页去别处一探究竟。</p>\r\n\r\n<p>之前用了好几年的 iPhone，之后 Xperia X Compact 用了大约一年多，用 S10e 之前用的是 Pixel 2/2 XL，此外还用了一小段时间的 Xperia XZ2 Compact。下面内容的比较对象就是上述用的时间比较长的手机，体验部分当然是和原生 Android 作比较。</p>\r\n\r\n<p>在写文章的当天更新了四月补丁，但还没有测试相机部分（尤其是夜景模式）有什么大变化，因此下文仍然是三月更新时的体验感受。</p>\r\n\r\n<h2>屏幕</h2>\r\n\r\n<p>从 Pixel 2 XL 换到 S10e 之后，最大的变化并不是相机，也不是手感，而是屏幕观感。三星的 AMOLED 是整个行业最好的屏幕，这一点毋庸置疑，令我意外的是，S10e 的屏幕和 Pixel 2 XL 的屏幕差距竟然是如此之大。从 XZ2C 换到 Pixel 2 XL 的时候，感觉屏幕的颜色变得没有那么浓艳，用索尼的手机总觉得颜色灿烂过头，Pixel 的屏幕反而更加自然。在看久了 Pixel 的屏幕以后，去看 Xperia 反而会有「这太不真实了吧」的观感。然而，和 S10e 相比，Pixel 的屏幕更像是隔着一层商场的橱窗玻璃向外看，S10e 则是把那一层玻璃去掉了，在保证色彩还原的基础上，让每个像素呈现的颜色都更闪耀。这个感觉是很微妙的，三星的颜色如同 Xperia 一样鲜艳活泼，但没有到失真的地步。</p>\r\n\r\n<p>在呈现深色背景的内容时，Pixel 的屏幕总会给我突兀的感觉。比如自带的地球壁纸，或者电影里夜晚的画面，只要是遇到大面积的黑色，这块屏幕就像是一张漆黑的纸，抠出几块区域放不同的颜色。S10e 的屏幕在这种情况下要自然得多，深色和亮色之间的过度很平滑，像是在看油画，而不是一张剪纸作品。</p>\r\n\r\n<p>三星的这块屏幕的另一个神奇的地方是所宣传的防蓝光效果。在 S10e 之前，我从没有为了护眼调整过屏幕的设置，在我的观念里，在电子屏幕上还原纸张色温的变化是毫无必要的，夜晚减少蓝色的发光亮换来鸭黄色屏幕是非常不划算的，电子屏幕要做的是尽可能地准确发色，而不是模拟非电子屏幕的观感。不论是 TrueTone、Night Shift，还是 Xperia 的护眼模式，在我眼里都是画蛇添足，除了让屏幕变得黄以外没有真正的益处。S10e 的护眼模式比较不一样，打开之后明显能感觉屏幕略微变黄，但显示的色彩和没有打开时差别不大，不对比几乎察觉不到变化。借室友的 iPhone X 做了一个比较，两部手机显示最大亮度，打开 True Tone 后在室内日光灯下，iPhone 屏幕和开启护眼模式的 S10e 屏幕相差不大，但能感觉到偏黄。打开 Night Shift 后，差异就非常明显了。</p>\r\n\r\n<p><img alt=\"\" src=\"https://cdn.sspai.com/2019/04/24/4dff38e98387f6e52b430b6220a9c72e.jpeg?imageView2/2/w/1120/q/90/interlace/1/ignore-error/1\" style=\"width:620px\" /></p>\r\n\r\n<p>True Tone、Night Shift 与 S10e 护眼模式比较</p>\r\n\r\n<p>捎带一提，挖孔屏没有那么奇怪，并不会一直注意右上角的摄像头。我个人觉得，挖孔比刘海好多了。</p>\r\n\r\n<h2>相机</h2>\r\n\r\n<p>对我个人而言，一部手机最重要的三个部分：拍照、续航和握持感。我不会用单反，也不喜欢随身多带一个设备专门来拍照，所有的拍照都是在手机上完成的，拍照也就是我最看重的部分。想想，我为了拍照买了 Pixel 这么一部买相机送手机的设备。用过 Pixel 之后，很难挑出一部能够与之匹敌的手机，还不是因为 Pixel 的拍照实在是太好了，好到即使是初代 Pixel 也能够打败市面上大多数双摄手机，更不用说 <a href=\"https://www.theverge.com/2018/9/19/17878018/iphone-xs-x-pixel-2-galaxy-s9-camera-comparison\">iPhone Xs 都比不过 Pixel 2 的相机</a>。</p>\r\n\r\n<p>我曾经发过 <a href=\"https://twitter.com/jhthedev/status/1112639430580490240?ref_src=twsrc%5Etfw\">一个推文</a> 形容手机拍照的好坏，S10e 的相机属于 Best of the Best 的梯队，但够不到金字塔顶端的 Pixel。</p>\r\n\r\n<blockquote>\r\n<p>手机相机梯队:<br />\r\n0. Google Pixel<br />\r\n1. Best of the best<br />\r\n2. Worth buying<br />\r\n3. Good<br />\r\n4. Not bad<br />\r\n5. Xperia</p>\r\n</blockquote>\r\n\r\n<p>四月更新前，夜景模式只能通过场景识别自动开启，由此带来的效果是所有的照片的色彩都会经过一定程度的调整。四月更新后可以单独开启夜景模式，平时可以关闭场景识别来提高色彩的真实度，并且按照更新说明，相机的性能有所提升。文中插入的照片大部分拍摄于四月更新后，通过链接分享的相册中的照片拍摄于四月更新前，全部经过场景优化。</p>\r\n\r\n<p>相机的场景识别优化比较温柔，不会把照片美化得太过虚幻，也不会添加不存在的细节。基本上，拍摄花草会把饱和度拉高一些，拍摄风景会把天弄得更蓝。未开启场景优化的 HDR 算法已经很不错，逆光场景的优化基本和没有一样。人像模式中后置的两个镜头共同作用，可以拍摄人物以外任何物体，背景虚化效果比 Pixel 要好。美食模式会把颜色拍得异常饱和，肯定是失真的，但看起来比较有食欲。下面的照片中，左边关闭了场景识别，右边开启且成功识别场景。</p>\r\n\r\n<p><img alt=\"\" src=\"https://cdn.sspai.com/2019/04/24/0d935205a8661fd11a812d0b0adaa3ad.jpeg?imageView2/2/w/1120/q/90/interlace/1/ignore-error/1\" style=\"width:620px\" /></p>\r\n\r\n<p>一棵树</p>\r\n\r\n<p><img alt=\"\" src=\"https://cdn.sspai.com/2019/04/24/de1d0964cd87f4ce7c48dcefb38de973.jpeg?imageView2/2/w/1120/q/90/interlace/1/ignore-error/1\" style=\"width:620px\" /></p>\r\n\r\n<p>家旁的小湖</p>\r\n\r\n<p><img alt=\"\" src=\"https://cdn.sspai.com/2019/04/24/b40c912987b0bc6c9ece4598e3d5858e.jpeg?imageView2/2/w/1120/q/90/interlace/1/ignore-error/1\" style=\"width:620px\" /></p>\r\n\r\n<p>湖旁的教堂</p>\r\n\r\n<p><img alt=\"\" src=\"https://cdn.sspai.com/2019/04/24/de9d39e17f4854a1724d81a5b47ef4d2.jpg?imageView2/2/w/1120/q/90/interlace/1/ignore-error/1\" style=\"width:320px\" /></p>\r\n\r\n<p>湖边的雁雁</p>\r\n\r\n<p><img alt=\"\" src=\"https://cdn.sspai.com/2019/04/24/6aeee7f0d13ea7fba126c6c04c585b37.jpg?imageView2/2/w/1120/q/90/interlace/1/ignore-error/1\" style=\"width:320px\" /></p>\r\n\r\n<p>嗝，吃饱了</p>\r\n\r\n<p>S10e 比 Pixel 更优的是第二颗超广角镜头，没有超广角镜头之前，并没有意识超广角是有必要的。但在拍摄广场、草坪、建筑等场合，有这么一颗镜头比没有要更加自在，无所谓有没有必要用超广角镜头，先拍了再说。这颗超广角的成像质量和主镜头一样优秀，动态范围不俗，畸变在可接受的范围内。在拍摄广场、开阔的平原草地、较大的建筑物时，终于可以扔掉难用难看的 Panorama 全景模式。</p>\r\n\r\n<p><img alt=\"\" src=\"https://cdn.sspai.com/2019/04/24/d21c2f9b6868782d2cc08077d218f442.jpeg?imageView2/2/w/1120/q/90/interlace/1/ignore-error/1\" style=\"width:620px\" /></p>\r\n\r\n<p>超广的</p>\r\n\r\n<p>在一些特殊场合，也可以利用这个超广角镜头使物体伸展开来，拍得气势十足。不过呢，这个广角是真的很广，很讲究握持手机的姿势，稍不注意手指就会抢镜。</p>\r\n\r\n<p><img alt=\"\" src=\"https://cdn.sspai.com/2019/04/24/f3c097138e225a4ace14878c554b58cd.jpg?imageView2/2/w/1120/q/90/interlace/1/ignore-error/1\" style=\"width:320px\" /></p>\r\n\r\n<p>吗？大吗？长吗？</p>\r\n\r\n<p>可惜，这部手机绝对的优势也就只有广角镜头了。主镜头的质量尽管不俗，自动 HDR 和 Pixel 的 HDR+ 不相上下，但细节上差太多，放大以后可以看到很明显的涂抹和锐化痕迹（不知道有没有用对这两个词）。对焦和快门速度稍逊，拍照以后不能直接退出相机，要等后台处理完以后才能返回桌面。相机的设置比较多，显得很复杂，要找到想要的设置项不是那么方便。相机提供了一个拍摄建议，我自己感觉不像媒体说的那么没用，拍摄风景的话还是挺有用的。</p>\r\n\r\n<p><img alt=\"\" src=\"https://cdn.sspai.com/2019/04/24/40c8a7ae465e85311f460fe39cebd147.jpg?imageView2/2/w/1120/q/90/interlace/1/ignore-error/1\" style=\"width:620px\" /></p>\r\n\r\n<p>拍摄建议</p>\r\n\r\n<p>总的来说，S10e 的相机与 Pixel 2 XL 相比，有优势也有劣势，勉强来说是打了个平手，一些照片原图上传到了<a href=\"https://share.icloud.com/photos/0CqBK0wsLQDYKR9mz_FexkHLQ\">这个 iCloud 共享相册</a>。三月底晚上太冷，四月调整夏令时后晚上十点天才黑，所以没有优化前夜晚的照片。不过呢，可以拿出自己的相机，对着黑漆漆的地方用普通模式拍一张，差不多 S10e 的 Bright Night 就这样子。更新后还没有拍摄太多夜景，但在家里拍了几张，感觉效果提升不少。涉及到个人隐私，照片就不张贴了。</p>\r\n\r\n<h2>续航</h2>\r\n\r\n<p>周五早上十点满电出门，晚上七点到家还剩下 12%，期间有三小时在山上徒步，徒步过程全程开启定位和移动数据，屏幕保持较高的亮度，以及不间断地查看路线或者拍照，徒步前后途中还拿来听音乐刷推特，这样的成绩和 Pixel 2 XL 比就是渣渣，和其他相同尺寸的手机比还算是耐用。</p>\r\n\r\n<p>One UI 的节电模式逻辑异常奇怪，没有电量百分比自动开启的选项，用自适应省电来替代（和 Android P 的自适应电池不是同一个）。这个省电非常得不自适应，有一天中午，我手机还有 70% 多的电，准备散步走回家，路中用 Komoot 记录路径，系统却打开节电模式，导致后台定位不可用，Komoot 不能正常工作。</p>\r\n\r\n<p><img alt=\"\" src=\"https://cdn.sspai.com/2019/04/23/d9e6a945369b48612954620b6b163338.jpg?imageView2/2/w/1120/q/90/interlace/1/ignore-error/1\" style=\"width:320px\" /></p>\r\n\r\n<p>自适应省电，在需要时节省电量</p>\r\n\r\n<p>用无线充电以前，觉得无线充电是个噱头而已。买了立式快速无线充电站之后，感受到了科技进步的美好。随放随充，配合 AOD，堪比小型 Google Home Hub。随机附赠的充电头支持 15 瓦中速快充，比五伏一安厚道很多。</p>\r\n\r\n<p>哦对了，S10e 挺容易变得温热。</p>\r\n\r\n<h2>系统</h2>\r\n\r\n<p>三星的系统和它的相机一样，让我又爱又恨。One UI 是个很完整的系统，有自己的设计语言和操作逻辑。相较于 Pixel 提供的原生 Android，提供了适配了全局的暗色模式，更多地利用 AMOLED 的特性展示更多纯黑的界面。无论是启动器，还是通知中心的快捷操作，可设定的内容都比原生 Android 要多。Android Pie 的新功能基本上都得到了保留，用腻了 Pixel 的系统的话，能得到十足的新鲜感，又不会因为操作改变而手足无措。</p>\r\n\r\n<p><img alt=\"\" src=\"https://cdn.sspai.com/2019/04/23/f6e20c45ae1c6242287e0e2f5b443eed.jpg?imageView2/2/w/1120/q/90/interlace/1/ignore-error/1\" style=\"width:320px\" /></p>\r\n\r\n<p>布局合理的通知中心快捷操作</p>\r\n\r\n<p>拿到手机用了几天，没料到就吃到三月的安全补丁，文章发布时四月更新也有了。感觉在推出 One UI 以后，三星正在着力改善系统的设计与体验。内置的第三方应用程序不算多，大部分能够卸载，留下来的我也不反感，甚至要好过 Xperia。我不熟悉以前三星手机是什么样，One UI 绝对是一个意料之外的加分项。</p>\r\n\r\n<p>三星没有阉割掉太多 Android P 的新特性，自适应电池、屏幕亮度等等都在，应用预测也整合在了桌面启动器里。我的运动数据用 Gear Fit 记录，然后同步到 Google Fit 中，几天之后应用预测会准确地把 S Health 获取数据、Health Sync 同步数据、Google Fit 检查数据、TK 健身计划导入数据这四个步骤记录下来，在切换程序时将下一个应用放在第一位。</p>\r\n\r\n<p><img alt=\"\" src=\"https://cdn.sspai.com/2019/04/23/d0e26fa890c930a61d497dfab32d4d1a.jpeg?imageView2/2/w/1120/q/90/interlace/1/ignore-error/1\" style=\"width:620px\" /></p>\r\n\r\n<p>左下角出现的应用预测</p>\r\n\r\n<p>很奇怪的是，尽管保留了很多 Android 系统的特性，自带的启动器也支持自适应图标，可部分应用却鹤立鸡群。</p>\r\n\r\n<p><img alt=\"\" src=\"https://cdn.sspai.com/2019/04/24/7774881d7e04ccbf8d520731553526de.jpg?imageView2/2/w/1120/q/90/interlace/1/ignore-error/1\" style=\"width:350px\" /></p>\r\n\r\n<p>电报你还好吗？</p>\r\n\r\n<p>Bixby 没有想象中那么鸡肋，它的语音识别速度、准确率，能查寻到的信息等等，自然是比不上行业老大 Google Assistant 的。它比较特殊的是和三星手机深度的整合，能够做到一些 Google Assistant 做不到的事，例如深入到某个应用中的一个特别功能。用 S10e 后，我关掉了原来在 Pixel 上用的 Digital Wellbeing 中的 Wind Down，转而用 Bixby Routines 来实现相同的功能。Wind Down 的开启逻辑非常简单，只要是在设定的时间内，无论你在哪儿，都会打开勿扰或黑白模式。而通过 Bixby 日常程序，我可以添加更加复杂的判断逻辑，比如连接上家里的 WiFi 时才触发操作，如此一来深夜在酒吧喝酒时候手机仍处于正常状态，不会进入就寝模式打扰兴致。</p>\r\n\r\n<p><img alt=\"\" src=\"https://cdn.sspai.com/2019/04/23/2e93340e913fc01ea8e87314dbccece7.jpeg?imageView2/2/w/1120/q/90/interlace/1/ignore-error/1\" style=\"width:620px\" /></p>\r\n\r\n<p>正在用的 Bixby 日常程序</p>\r\n\r\n<p>手机上同时存在两个语音助手的好处是，可以享受到 Google Assistant 的聪慧便捷，也能利用 Hi Bixby 对手机进行语音操控。用 Pixel 时，每次在屋子里喊 OK Google 总会同时唤醒手机和 Google Home Mini。现在我取消了手机上的 Voice Match 匹配，仅允许 Bixby 通过语音方式唤醒，回答 OK Google 查询的就一定是甜甜圈。此外，我把 S10e 上双击 Bixby 的按键设置成「搜寻正在播放的歌曲」，能在一定程度上弥补 Now Playing 功能的缺失。</p>\r\n\r\n<p>One UI 的好要仔细挖掘，它的糟就比较显而易见，简单总结就是，系统里做了很多花里胡哨的功能，实际上有用的并没有多少。S10e 的屏幕两侧并不是曲面的，却保留了侧屏抽屉和侧屏闪光，并且默认开启，除了炫酷、误操作和增加通知的交互复杂度以外，没有其他的帮助。系统的设置项繁杂，息屏后上锁的自动锁定时间设置不在「安全」分类，在「锁屏」分类里。电池使用情况没有快捷入口，必须进入设备管理查看。系统内置了存储空间清理、网络安全等额外功能，但都是和第三方合作，有些还是收费的。三星自带的图册不给通讯录权限，就不能使用共享相册。太多功能和选择不一定能带来更多的幸福，可能是不自信和无能的表现，或许这就是 John 所说的「用起来差那么一点」。</p>\r\n\r\n<p><img alt=\"\" src=\"https://cdn.sspai.com/2019/04/23/e380dce7d7cbf1ab55aaa4116eb39681.jpeg?imageView2/2/w/1120/q/90/interlace/1/ignore-error/1\" style=\"width:620px\" /></p>\r\n\r\n<p>俩鸡肋</p>\r\n\r\n<p>再来说 Bixby，三星这几年主力推广的自家的智能助手。在 S10e 上，Bixby 包含通过 Bixby 按钮启动的 Bixby、桌面负一屏的 Bixby 主页、藏在「设置」高级功能中的 Bixby 日常程序、有单独应用图标但默认不显示的 Bixby 提醒、输入文字时长按 Bixby 按钮出现的 Bixby 语音输入。其中大多数 Bixby 组件有单独的应用程序图标入口，但需要手动添加。它们的共同特点是功能有限，能满足基础需求，毫无拓展空间。当然，也是因为 Bixby 提醒特别简单，被我拿来实践个人生活和工作学习分开的任务管理，不过这又是另一个话题了。</p>\r\n\r\n<h2>其他</h2>\r\n\r\n<p>用过 Pixel 2 XL 以后用 S10e 这么一部小小的手机，是对双手的慰藉，是对人体工程学的赞美，是对单手使用手机的致敬。</p>\r\n\r\n<p>习惯了 Pixel 的前置双扬声器，S10e 的底部扬声器效果是打折扣的，右手拿手机很大概率会遮掉发声孔。扬声器比 Pixel 要响，大概 50% 的音量是 Pixel 80% 的大小，足够在烧菜的时候听 <a href=\"https://youtu.be/R0a5VJX0_6s\">Julien</a> 扭扭屁股跳跳舞。</p>\r\n\r\n<p>物理支持双卡肯定会方便我出国游玩，128GB 的存储空间根本用不完（Pixel 的 64GB 我也才用了一半）。</p>\r\n\r\n<p>默认的主题中，锁屏壁纸会根据手机左右倾斜的角度微微改变颜色，很有意思。</p>\r\n\r\n<p><img alt=\"\" src=\"https://cdn.sspai.com/2019/04/23/ecf1aa52e5559587a6d77d6c8345a2f8.jpeg?imageView2/2/w/1120/q/90/interlace/1/ignore-error/1\" style=\"width:620px\" /></p>\r\n\r\n<p>我是花花世界里限量版的花花蝴蝶啾咪</p>\r\n\r\n<p>在调整夏令时的时候，习惯精准调时的我感到困惑，自带的时钟应用中不显示秒钟，锁屏状态点击时间会出全屏显示时钟，只有这里可以看到秒钟。</p>\r\n\r\n<p><img alt=\"\" src=\"https://cdn.sspai.com/2019/04/23/4fb38f11a05fb37d7c71b855e8d9d399.jpg?imageView2/2/w/1120/q/90/interlace/1/ignore-error/1\" style=\"width:320px\" /></p>\r\n\r\n<p>没有秒钟难过死我了</p>\r\n\r\n<p>息屏状态下，新通知不会短暂地点亮屏幕，S10e 没有呼吸灯，不开 Always On Display 就只能点按开关按钮查看新通知，多少有些不方便。好在 Android 的通知渠道能对通知的优先级进行控制，可以减少无用通知的打扰。</p>\r\n\r\n<p>三星输入法的自动校正超级烂。</p>\r\n\r\n<p>锁屏状态可以禁止关闭网络通讯功能，相比之下，Pixel 打开蜂窝数据需要密码，关掉却不需要，很为小偷考虑。</p>\r\n\r\n<p><img alt=\"\" src=\"https://cdn.sspai.com/2019/04/23/2cd025e403b21e0cbf384840940be63b.jpg?imageView2/2/w/1120/q/90/interlace/1/ignore-error/1\" style=\"width:320px\" /></p>\r\n\r\n<p>很贴心的优化</p>\r\n\r\n<h2>TL;DR</h2>\r\n\r\n<p>作为一款旗舰机，这部手机没什么特别大的短板，是一个各方面均衡且表现不俗的产品。尽管拍照方面稍逊于 Pixel，但由于物理双卡的必须性，我觉得 S10e 是一个划算的升级。总之，买就对了。</p>\r\n', '30', null, null);
INSERT INTO essayinfo VALUES ('38', '使用大半个月后，吐槽一下最棒的小屏旗舰三星 Galaxy S10e', '15', '1', '2020-06-13 20:54:56', '0', '../PhoneMark_images/dd3bdab4-de05-4d0d-a7a6-9374bc1d36606a978c8de8a51a9a4eead5fc22a622f7.jpg', '<p>在今年年初上市的首批旗舰机型中，三星 Galaxy S10e 可以说是个人最偏好的一款，有种索尼旗下 Compact 系列的感觉——真正的小屏旗舰产品<s>（别提小米 9 SE 这种所谓的小屏旗舰，连个旗舰 SoC 都没有还好意思说）</s>。S10e 的出现可谓相当惊喜，因为此前三星类似的产品只有缩水的 mini 机型，像是 S10e 这种依然保持旗舰配置的产品并没有先例，导致对这类机型偏好的我，基本上只有索尼的 Compact 系列符合要求了。</p>\r\n\r\n<p>到手后，因为 Pixel 3 升级了 Android Q 导致无法充当主力机器，所以 S10e 基本上在某种程度充当了一款主力机在使用，整体的感觉可以说是满意的，毕竟这年头要找一款体积合适、旗舰配置还要支持双卡双待的机器真的难。不过没有对比就没有伤害，使用下来还是有不少个人觉得需要吐槽的地方，简单说一下吧。</p>\r\n\r\n<h2>外观</h2>\r\n\r\n<p>在外观方面其实可以吐槽的地方不多，只是一些吹毛求疵而已。首先是国行仅提供了黑白黄三色，港行更过分只有黑色，个人偏好的绿色和粉色没有提供，所以最后只好选择了国行最骚的黄色。然后是侧边指纹偏上的问题，导致需要使用时右手大拇指基本是要伸直的，不太自然，好在因为体积不大，这点不难克服。</p>\r\n\r\n<p>整个使用过程中，其实最让我难受的反而是 S10e 的宽度，不知道是不是因为我此前用的是 XZ2 Compact 和 Pixel 3 的原因，略微宽一点的 S10e 总是觉得很撑手，单手握持时感觉总是不爽，特别是和 Pixel 3 进行对比就很明显，至今为止我都没适应在 S10e 上的 Gboard。</p>\r\n\r\n<h2>屏幕</h2>\r\n\r\n<p>挖孔屏的影响比想象中小多了，稍微蛋疼的就是这个挖孔啊，又不是在状态栏的正中间，在部分 app 中甚至会遮住下半内容部分的一丁点像素，强迫症真的难忍受。屏幕素质，毕竟是三星家的旗舰产品，学某些 KOL 的话语，这是观感最好的 1080P OLED 屏幕！是的，其它家怎么吹都不如，当然加入 LCD 的话那就另说了。</p>\r\n\r\n<h2>系统</h2>\r\n\r\n<p>三星终于在 Android 9 上启用了全新的 One UI，整体的确改观了不少，作为一位基本经历过三星各代 UI 的人（因为老爸一直是三星旗舰机的用户），可以说这一次 One UI 是革新最棒的一次。虽然值得夸奖，但实际使用还是出现很多个人觉得很蛋疼的问题，影响了整个体验。</p>\r\n\r\n<p>不过在说系统前，必须提一下三星新机激活必须插入 SIM 卡，不能使用 Wi-Fi 或者跳过，非常蛋疼，这年头连 Pixel 都已经放弃叫你连可以科学上网的 Wi-Fi 了啊。接着就是国行固件居然在首次激活时询问是否启用百度的定位服务，我必须说当时我就是千万头草泥马奔涌而过，虽然我相信三星没那么无下限，可是另一个我不知道啊，所以激活完之后没有登录任何账号，直接刷成了港版固件才开始使用，所以下文吐槽都是基于港版固件。</p>\r\n\r\n<p>第一是完全无法忍受的 DND bug，S10e 开启 DND（免打扰模式）后，无论怎么设置，机器都有可能会在你完全不知情的情况下响起通知铃声。或许是微信的消息声，或许是电话铃声，但我这可是在 DND 中啊，你怎么会莫名其妙就给我响起声音呢？</p>\r\n\r\n<p><img alt=\"\" src=\"https://cdn.sspai.com/2019/04/21/a75d588407a81acc48f148ae5e99e6bc.jpeg?imageView2/2/w/1120/q/90/interlace/1/ignore-error/1\" /></p>\r\n\r\n<p>第二是鸡肋的应用预测，One UI 那个残废的手势操作就不提了，但是在 Pie 上加入的应用预测这个，One UI 的表现可以说是不及格。暂且不提永远只有 4 个应用预测的布局，这个可用度真的是差：在 Pixel 3 上经过一段时间使用后，基本能做到 10 次调用有 6、7 次能正确预测到你打算开启的应用；可是在 S10e 上，使用起码 20 多天后，这应用预测基本是废的，10 次能有 2 次猜对就可以说是谢天谢地了（当然不排除是不是我的使用习惯过于奇葩，导致 One UI 学习不了）。</p>\r\n\r\n<p>第三是混乱的应用管理，国行因为环境问题，自带三星自家的 Galaxy Store 进行管理我可以理解，但是在港版固件上既有 Play Store，又有 Galaxy Store，两者显得特别混乱，尤其是像微信这种在 Play Store 上更新慢一步的应用就会出现这边更新完那边又提示有更新。如果仅仅是这样倒还好，然而 Galaxy Store 居然会出现三星自家应用无法更新的神奇操作，这都 9102 年了，你又不是咖喱味的 iOS，怎么会出现这种情况？</p>\r\n\r\n<p><img alt=\"\" src=\"https://cdn.sspai.com/2019/04/21/a1b8a0a40905c32aa969d3b4229a5cb0.jpeg?imageView2/2/w/1120/q/90/interlace/1/ignore-error/1\" /></p>\r\n\r\n<p>当然 One UI 也有让我亮眼的地方，新系统 Bixby 的可用性很强，虽然整体上比不过 Google Assistant，但是这次三星开放了 Bixby 键的自定义功能，像我就直接设置单击截图，方便日常使用。同时系统内置的 Bixby Routines 能够自定义的选项更多，可以根据自身需要设置不同的启用规则，相比起 GA 的 Routines，个人觉得 Bixby 的更为强大。三星很早就有的漫游双时钟也得到了继承，不知道为什么，我就是很喜欢这个。</p>\r\n\r\n<h2>硬件</h2>\r\n\r\n<p>接下来的吐槽则完全是因为硬件不同导致的差异了，只要更换之后就能解决。首先是震动马达，在被 iPhone 以及 Pixel 荼毒之后，对于线性马达的需求可以说被提高了，所以在使用 S10e 时总感觉震动的感觉不爽，尤其是打字的时候，一种憋屈感油然而生，为了解决这个问题，干脆全部关掉了。</p>\r\n\r\n<p>其次是扬声器，S10e 并不差，拥有真正的双扬声器配置，音量也不小，但与 Pixel 3 相比音量就是差那么一点。结果就是每次去洗澡的时候，我都愿意带上 Pixel 3 而不是 S10e，免得淋浴时的水声遮过了 S10e 的声音。</p>\r\n\r\n<p><img alt=\"\" src=\"https://cdn.sspai.com/2019/04/21/f5a21cb743489363ede1ad8f62ead5b2.jpg?imageView2/2/w/1120/q/90/interlace/1/ignore-error/1\" style=\"height:498px; width:664px\" /></p>\r\n\r\n<p><img alt=\"\" src=\"https://cdn.sspai.com/2019/04/21/ae13f3d21b79d1a044d36d934ee4f89d.jpg?imageView2/2/w/1120/q/90/interlace/1/ignore-error/1\" style=\"height:498px; width:664px\" /></p>\r\n\r\n<p><img alt=\"\" src=\"https://cdn.sspai.com/2019/04/21/529b45f4c78701a41dd699822d5b20f7.jpg?imageView2/2/w/1120/q/90/interlace/1/ignore-error/1\" style=\"height:498px; width:664px\" /></p>\r\n\r\n<p>值得称赞的是 S10e 的超广角镜头，比起长焦镜头来说，超广角带来的愉悦感强太多了。畸变根本就不是事，能够拍下更多的风景，给人更直观的震撼感，超广角真的很适合随手记录与分享，在用 S10e 时我都更愿意切换到超广角拍摄，毕竟主摄还是比不上 Pixel 3（笑）。</p>\r\n\r\n<p>还有大家可能根本不会注意的 6GB 内存，对于从 XZ2 Compact、Pixel 3 换到 S10e 的我来说，后台终于变得更好了，再也不用像 Pixel 3 那样打开相机给你自动把 Spotify 杀掉了。</p>\r\n\r\n<h2>尾巴</h2>\r\n\r\n<p>即使有这样那样的问题，但我还是得说 S10e 是目前为止最棒的小屏旗舰，拥有真正的旗舰级配置+实体双卡双待，如果是和我一样对这类机型情有独钟的话，那么 S10e 非常值得考虑。不过就个人而言，XZ2 Compact 会更符合我的习惯：体积更小巧一些，依旧支持双卡双待，系统流畅度与使用骁龙 855 的 S10e 几乎没啥差别，至于相机，我反正主要就是用来扫码，根本无所谓啦。</p>\r\n\r\n<p>题图来自 <a href=\"https://bgr.com/2019/02/20/galaxy-s10e-vs-galaxy-s10-plus-specs-official/\" target=\"_blank\">BGR</a></p>\r\n', '30', null, null);
INSERT INTO essayinfo VALUES ('40', '一加 6T 的两日体验报告：值得推荐 and 一些缺点', '16', '1', '2020-06-13 21:08:13', '0', '../PhoneMark_images/fac25184-9532-42e0-9621-71ea1495db1b8b8526bbe224c152899997f4f168065d.jpg', '<p>在购入一加 6T 之前，我手上依然有 2 台手机正在服役，一台是作为主力机的 iPhone XS Max，一台是作为备用机的三星 S9+，事实上这两台都是今年才发布的非常优秀的手机，但是仍然没有经受住一加 6T 的诱惑，发布会刚结束就直接下了订单，入手了现在手上的这台墨岩黑 8G+128G 版本。</p>\r\n\r\n<p><img alt=\"\" src=\"https://cdn.sspai.com/2018/11/11/38b7786716e9746dd2b3c7e6ee5f70e2.jpg?imageView2/2/w/1120/q/90/interlace/1/ignore-error/1\" /></p>\r\n\r\n<p>选择一加 6T 的原因似乎也比较简单。</p>\r\n\r\n<p>一方面来自过去对于系统的好印象。一加手机应该是我身边少有的，用了三年以上还能保持流畅的 Android 手机，得益于相对「原汁原味」的系统（国内最接近原生谷歌体验）以及对于「速度和流畅」的独特追求，能够把「不卡顿」做成手机卖点的一加手机，确实能够算得上是国内 Android 阵营的一股清流了。</p>\r\n\r\n<p>另一方面则是被新机的独特手感和外观所吸引。由于天生对于磨砂触感就比较偏爱，自从听说一加上了磨砂玻璃材质的机身，我就一直心心念地想要摸摸看，爽一把。而且从视觉上来看，磨砂玻璃机身总让我感觉有种说不出的低调优雅，不拿到手上把玩一下，看来是过不去我心里这道坎了。</p>\r\n\r\n<p><img alt=\"\" src=\"https://cdn.sspai.com/2018/11/11/87e2550b50080b5ef86512179660938e.jpg?imageView2/2/w/1120/q/90/interlace/1/ignore-error/1\" /></p>\r\n\r\n<p>现在，一加 6T 已经在我手上正常的使用了两天，实际体验超过我的预期，虽然并非全然完美，却也非常值得推荐。下面将和大家分享一下具体的用机感受，关于这款手机的一些不足我也会在相应的版块中着重列出，希望对大家购机有一定的参考作用……毕竟适合自己的才是最好的。</p>\r\n\r\n<h2>从让我心动的机身外观说起</h2>\r\n\r\n<p>一加的第一代和第六代是我个人感觉一加手机历代机型中，对于手感优化做的最到位的机型。如果说第一代是「真 TM 的爽」，那么一加 6T 似乎可以称得上「让人中毒的触感」了。磨砂玻璃包覆的机身背部，摸起来实在是微妙的很！！！既拥有金属般冷峻的质感，又犹如婴儿皮肤般滑而不涩。再表达地夸张一点，抚摸机身背部的瞬间，我感觉到指尖的每个细胞都在舒服的呐喊……真的有毒。</p>\r\n\r\n<p>而从视觉上来看，机身背部似乎是覆盖了一层薄薄的霜，也是非常讨喜了。在恰到好处的光线照射下，背部会反射出一道 S 型的光纹，这倒是和 OPPO R17 背部渐变色的反射光纹有点相似。</p>\r\n\r\n<p><img alt=\"\" src=\"https://cdn.sspai.com/2018/11/11/014a4a984c33dffad8cd24f86427269f.jpg?imageView2/2/w/1120/q/90/interlace/1/ignore-error/1\" /></p>\r\n\r\n<p>需要特别提醒的是，一加 6T 在国内这次共推出了三种配色：亮瓷黑、墨岩黑以及电光紫。其中电光紫是国行独占配色，而且只有墨岩黑和电光紫两种配色的机型是磨砂玻璃材质，这种材质除了好看、触感拔群以外还有不沾染指纹的意外之喜。</p>\r\n\r\n<p>相比年初的一加6，6T 这次搭载了屏幕指纹技术，所以机身背面的电容指纹传感器被移除，除了印刻的一加 logo 以及「Design by OnePlus」字样，整个背部再无其图案，简洁的出奇。</p>\r\n\r\n<p><img alt=\"\" src=\"https://cdn.sspai.com/2018/11/11/ff534cb6784675cda8048b02093b240c.jpg?imageView2/2/w/1120/q/90/interlace/1/ignore-error/1\" /></p>\r\n\r\n<p>正面一加 6T 依旧采用了三星的 AMOLED 屏幕，相较一加 6，屏幕大小略微增大到 6.41 英寸，分辨率为 1080×2340，长宽比升级（拉长）到 19.5:9。无论是从供应商还是实际的显示效果来看，一加 6T 的这块屏幕都算的上是国内主流手机中第一梯队的存在。另外屏幕玻璃采用了第六代康宁大猩猩（背部则采用的是第五代，可能因为屏幕更加金贵吧）。</p>\r\n\r\n<p><img alt=\"\" src=\"https://cdn.sspai.com/2018/11/11/351cd55cf57164fb8d2dc6a186c021d4.jpg?imageView2/2/w/1120/q/90/interlace/1/ignore-error/1\" /></p>\r\n\r\n<p>虽然屏幕顶级，但是屏幕亮度却有些不尽如人意。一方面是最大显示亮度有些低，在中午的强光照射下屏幕文字有些看不太清，如果和三星 S9+ 来做对比，能够明显的感觉到这个差异。另一方面是屏幕的自动亮度调节没优化好，晚上熄灯时候环境已经非常暗了，但是屏幕亮度还是有些刺眼，必须手动调节。</p>\r\n\r\n<p><img alt=\"\" src=\"https://cdn.sspai.com/2018/11/11/16fa9972e587071f8bf267ec0d1a9553.jpg?imageView2/2/w/1120/q/90/interlace/1/ignore-error/1\" /></p>\r\n\r\n<p>正面屏幕还有一大变化，就是一加 6 的刘海屏，升级为了一加 6T 的水滴屏。由于并未搭载 3D 结构光类似的识别系统，其实顶部摄像头等组件没必要占用太大面积，水滴屏造型为屏幕提供了更大的显示空间，顶部的各种信息图标的摆放，也就不再那么局促了。没有做非常严谨的对比，但是个人感觉一加 6T 的这个水滴弧度似乎比 OPPO 的水滴更大？总之实际的显示效果要比我想象中更舒服。</p>\r\n\r\n<p>不过同样因为水滴屏缩减面积的需要，呼吸灯也就被精简掉了，除了通知信息无法在黑屏状态下获知以外，电量是否充满也需要亮屏手动查看了，算是另外一种妥协吧。</p>\r\n\r\n<p>而屏幕的「下巴」在一加 6 的基础上进一步收窄，和三星 S9+ 的下巴对比起来感受明显，视觉上甚至可以和 iPhone XS Max 的下巴比肩。之所以特意强调了刘海和下巴，是想证明下一加 6T 的亮屏显示观感非常好，而且加上系统针对分辨率和屏幕大小专门进行了优化，所以同样一块屏幕范围显示的内容更多，图文疏密也更加合理，无需手动调整 DPI。</p>\r\n\r\n<p><img alt=\"\" src=\"https://cdn.sspai.com/2018/11/11/7bd63cabd0a511fc1bd984a5b4407103.jpg?imageView2/2/w/1120/q/90/interlace/1/ignore-error/1\" /></p>\r\n\r\n<p>从左到右：磨砂膜 iPhone XS Max、没贴膜三星 S9+、钢化高清膜一加 6T（可比较下巴和自动亮度调节）</p>\r\n\r\n<p>但是我也发现，多数应用在这块水滴屏上的显示有点小 bug ，启动动画的时候一般水滴部分会显示黑边，只有进入应用后才会被填满，可能会让小部分人觉得系统不那么精致……</p>\r\n\r\n<p><img alt=\"\" src=\"https://cdn.sspai.com/2018/11/11/e846b7fb260123ae51890427c14af6c6.jpg?imageView2/2/w/1120/q/90/interlace/1/ignore-error/1\" /></p>\r\n\r\n<p>微博启动界面，水滴部分黑边</p>\r\n\r\n<p><img alt=\"\" src=\"https://cdn.sspai.com/2018/11/11/a12d2252c634ebd713f3d143de9db9e3.jpg?imageView2/2/w/1120/q/90/interlace/1/ignore-error/1\" /></p>\r\n\r\n<p>进入微博水滴被填满</p>\r\n\r\n<p>原厂自带的贴膜让我不知作何评价：1.很容易沾染指纹，清理也不是那么容易。2.材质应该是塑料，既不是钢化膜也不是水凝膜，所以手感上差那么一点意思。但是！但是！千万不要自己撕，因为撕完以后你会发现市面上几乎看不到质量过关的膜可用……过厚的屏幕贴膜会影响指纹识别的速度，而且官方提醒贴膜后建议重新录制屏幕指纹，切记谨慎。</p>\r\n\r\n<p><img alt=\"\" src=\"https://cdn.sspai.com/2018/11/11/baa0475aaf06b1e7bbd448dfb0d4740f.jpg?imageView2/2/w/1120/q/90/interlace/1/ignore-error/1\" /></p>\r\n\r\n<p>塑料薄片，这里比较脏是因为撕掉膜太久沾了灰</p>\r\n\r\n<p>再看机身的侧面，基本继承了一加产品一贯的经典设计，右侧为电源键+三段式静音键，左侧为音量键和 SIM 卡槽，底部为 Type-C 接口和单扬声器（左侧），3.5mm 耳机接口已被去除，所以官方自带了一根 Type-C 转 3.5mm 耳机接口的转接头。</p>\r\n\r\n<p><img alt=\"\" src=\"https://cdn.sspai.com/2018/11/11/27875885ac84a66ae72761178b95823e.jpg?imageView2/2/w/1120/q/90/interlace/1/ignore-error/1\" /></p>\r\n\r\n<p><img alt=\"\" src=\"https://cdn.sspai.com/2018/11/11/30484be074562d70535f5c8e53e88151.jpg?imageView2/2/w/1120/q/90/interlace/1/ignore-error/1\" /></p>\r\n\r\n<p>整体手感上，一加 6T 常常让我产生握持小屏手机的错觉，算是我个人感受中的一点补充体会。</p>\r\n\r\n<p><img alt=\"\" src=\"https://cdn.sspai.com/2018/11/11/71bf68ece4aeb70d6081cac142179cbf.jpg?imageView2/2/w/1120/q/90/interlace/1/ignore-error/1\" /></p>\r\n\r\n<h2>那些令人印象深刻的体验</h2>\r\n\r\n<h3>全世界解锁速度最快的屏下指纹</h3>\r\n\r\n<p>一加 6T 的屏下指纹解锁最快可达 0.341 秒，而且系统增加了指纹快捷手势，使用屏幕指纹识别成功后继续长按可以直接调出支付宝支付，更加便捷。但是需要注意，一加 6T 采用的是光感屏下指纹识别技术，所以当你在夜间使用指纹解锁手机的时候，屏幕会瞬间进入一个高光状态读取指纹，当心晃眼~另外实测一加 6T 的屏下指纹并不能在湿手状态下识别解锁成功。</p>\r\n\r\n<p><img alt=\"\" src=\"https://cdn.sspai.com/2018/11/11/e6f9185bea4eeebd40cbf83b713471c1.jpg?imageView2/2/w/1120/q/90/interlace/1/ignore-error/1\" /></p>\r\n\r\n<h3>SmartBoost 载入加速技术</h3>\r\n\r\n<p>SmartBoost 载入加速技术应该是一种利用手机内存（8G）的预加载技术，可以充分挖掘手机大内存的优势，根据使用习惯预先加载，能够使得游戏和应用启动速度更快，切换更加流畅稳定。</p>\r\n\r\n<h3>Android 9.0 的氢 OS 9.0 和异常跟手的手势</h3>\r\n\r\n<p>国行版一加 6T 出厂时搭载了基于 Android 9.0 的氢 OS 9.0，UI 上相对原生 Android 做了一些细节上的调整，基于原生又保留了自己的风格。</p>\r\n\r\n<p><img alt=\"\" src=\"https://cdn.sspai.com/2018/11/11/1160906d50e919161b26567c8aaa48f9.jpg?imageView2/2/w/1120/q/90/interlace/1/ignore-error/1\" /></p>\r\n\r\n<p>氢 OS 9.0 搭载了第二代全面屏手势（基本操作逻辑和 OPPO 系手机差不多），底部中间向上滑返回主页，底部左右向上滑返回上一级，底部中间向上滑+悬停是多任务切换，实际操作中每一个手势操控都非常跟手，应该是目前 Android 阵营中做的最好手势操作了。</p>\r\n\r\n<h3>不那么细腻的震动反馈</h3>\r\n\r\n<p>一加 6T 的震动反馈总让我跳戏到 OPPO Find X，是我个人不是很喜欢的风格。如果说三星 S9+ 的震动反馈是蜻蜓点水的酥麻，那么一加 6T 就是大老爷们的晃荡，一方面是震动响应有些滞后，另一方面则是震动方式多了点粗暴少了点细腻。所以如果你之前用的是三星或者甚至是 iPhone ，那么我觉得震动反馈可能是首先需要面对适应的。</p>\r\n\r\n<p><img alt=\"\" src=\"https://cdn.sspai.com/2018/11/11/9fa222a138090cae11560d9b06563d9f.jpg?imageView2/2/w/1120/q/90/interlace/1/ignore-error/1\" /></p>\r\n\r\n<h3>单扬声器与外放表现</h3>\r\n\r\n<p>双扬声器已经成为旗舰标配的情况下，一加 6T 依然搭载的是单扬声器，可能是水滴屏没办法留下多余的空间所致，外放表现上自然差了一截。扬声器的位置在  Type-C 接口的左侧，游戏或者看视频手持的时候，方向不对很容易遮挡，也算是体验上的一点瑕疵吧。</p>\r\n\r\n<h3>当做没有的 NFC 公交卡功能</h3>\r\n\r\n<p>旗舰手机支持 NFC 功能已是理所当然，于我个人而言，NFC 使用频率最高的场景就是「刷公交卡」，但是一加 6T 手机有点特殊，目前系统中显示支持的只有三地公交，分别是「北京一卡通」「深圳通」和「岭南通」，而且都显示「暂不可用」状态，所以新入手一加 6T 的小伙伴就当没有这个功能吧。简单网上了解了一下，似乎一加 6 手机升级 Android 9.0 以后，本来支持的部分地区公交卡也失效了，所以可能是系统兼容的原因导致的「暂不可用」，应该是需要后续系统的版本更新来优化解决。（另外，NFC 的门禁卡功能暂时也就当没听说吧）</p>\r\n\r\n<p><img alt=\"\" src=\"https://cdn.sspai.com/2018/11/11/1b2bfa6f6e48d1e29adb042e618ec56c.jpg?imageView2/2/w/1120/q/90/interlace/1/ignore-error/1\" style=\"width:350px\" /></p>\r\n\r\n<h3>有点惊喜的信号表现</h3>\r\n\r\n<p>可能是我被 iPhone XS Max 的信号荼毒的过于疑神疑鬼了，一加 6T 的各种信号表现都要胜过我手上的 iPhone XS Max ，甚至于我手上的三星 S9+，具体表现是在我卧室的同一个地方，无论是使用 WiFi 信号还是手机 4G 网络进行王者荣耀，前两个手机都会由于信号不稳定形成「红色信号卡顿」，但是使用一加 6T 的时候则全程「绿灯」，不知道是不是我的错觉。然后在路上上网时候也测试了一下，微博的刷新等明显一加 6T 更舒爽。</p>\r\n\r\n<p><img alt=\"\" src=\"https://cdn.sspai.com/2018/11/11/4d9689ccf54bc1627cf6fa7ca4adc510.jpg?imageView2/2/w/1120/q/90/interlace/1/ignore-error/1\" /></p>\r\n\r\n<p>手机游戏模式优化，也可以注意到右上角的信号强度一直很稳定</p>\r\n\r\n<h2>拍照与夜景</h2>\r\n\r\n<p>一加 6T 的前后置相机硬件相比一加 6 完全没有变化，升级的主要是算法。</p>\r\n\r\n<ul>\r\n	<li>前置 IMX 371 传感器，1600 万像素，f/2.0 光圈</li>\r\n	<li>后置主摄 IMX519 传感器，1600 万像素、单像素 1.22 微米 ，支持光学防抖，光圈 f/1.7</li>\r\n	<li>后置副摄 IMX376K 传感器，2000 万像素景深头（无变焦），光圈 f/1.7</li>\r\n</ul>\r\n\r\n<p>和国内其他厂商，尤其是华为这类的「军备竞赛」式的堆叠硬件相比，一加 6T 的拍摄能力自然不算突出，只能说维持了主流旗舰手机的正常水准。这次一加 6T 升级加入了「夜景模式」，基本原理和其他手机的夜景差不多，实时堆栈+HDR处理+降噪，但是在拍摄时相机的优化合成时间感觉略长（这个时间为个人感受，由于手头暂时没有其他手持夜景的手机，所以没有严谨对比）。这样看来，拍照并非一加 6T 的强项。</p>\r\n\r\n<p><img alt=\"\" src=\"https://cdn.sspai.com/2018/11/11/a49b6cdbfbf7788ea55a9ec900399eca.jpg?imageView2/2/w/1120/q/90/interlace/1/ignore-error/1\" /></p>\r\n\r\n<p>但是仍然展示一些一加 6T 的随手拍，主要是夜晚场景下手机的拍摄效果。（由于少数派网站上传图片限制，所以样张有部分压缩）</p>\r\n\r\n<p><img alt=\"\" src=\"https://cdn.sspai.com/2018/11/11/2bb2a429ba1e2433bd26c97f0b1e56b5.jpg?imageView2/2/w/1120/q/90/interlace/1/ignore-error/1\" /></p>\r\n\r\n<p>标准模式直拍</p>\r\n\r\n<p><img alt=\"\" src=\"https://cdn.sspai.com/2018/11/11/dda50dec41603522174d23acdaf7e037.jpg?imageView2/2/w/1120/q/90/interlace/1/ignore-error/1\" /></p>\r\n\r\n<p>标准模式直拍</p>\r\n\r\n<p><img alt=\"\" src=\"https://cdn.sspai.com/2018/11/11/b52e582ff1e9b4f5e67979b5e2898630.jpg?imageView2/2/w/1120/q/90/interlace/1/ignore-error/1\" /></p>\r\n\r\n<p>人像模式直拍</p>\r\n\r\n<p><img alt=\"\" src=\"https://cdn.sspai.com/2018/11/11/2899cfbd62175602eaf32edce4f8e110.jpg?imageView2/2/w/1120/q/90/interlace/1/ignore-error/1\" /></p>\r\n\r\n<p>手持夜景模式</p>\r\n\r\n<h2>续航表现和充电</h2>\r\n\r\n<p>一加 6T 搭载 3700 毫安大电池，比一加 6 的 3300 毫安时有了 10% 的电量提升。特别关注了几种情况下的耗电</p>\r\n\r\n<ul>\r\n	<li>一个晚上待机掉电 3% （凌晨一点到早上九点）</li>\r\n	<li>特效画质全开的王者荣耀一局游戏掉电 5%</li>\r\n	<li>斗鱼看直播 18 分钟掉电 5%（大概推算的话应该看直播一小时掉电 16% 左右吧）</li>\r\n</ul>\r\n\r\n<p>如果是一整天的中度使用（微信在主力机上用，其他应用在一加 6T 上刷），到下班时候还剩余 46% 的电量，这个表现应该算是非常优秀了。</p>\r\n\r\n<p>发热控制上，一加 6T 表现也很好，持续的全画质王者荣耀，机身仅仅是温热，而且发热区域主要集中在摄像头单侧部位。</p>\r\n\r\n<p><img alt=\"\" src=\"https://cdn.sspai.com/2018/11/11/674086cda5ac2ed356ba4352ca153032.jpg?imageView2/2/w/1120/q/90/interlace/1/ignore-error/1\" /></p>\r\n\r\n<p>至于充电，一加 6T 依然搭载的是 Dash 快充（5V 4A 的低压快充），OPPO 旗舰级的 50W 超级闪充技术无缘一加，让人难免有点遗憾。但是成熟的 Dash 快充能够保证低电量下半小时充电 50% ，另外低发热、亮屏快充等优势依然还在，也算是非常具有竞争力了。不过想要使用一加快充就要使用官方自带的充电适配器和电源线，对于电子设备较多的用户来说，可能会有点不方便。</p>\r\n\r\n<h2>写在最后</h2>\r\n\r\n<p>2018 年国内的手机市场很有趣，我认为有两个相对突出的特点：1. 国产旗舰的价格门槛越来越高。2. 为了追求差异突破，手机的偏科型卖点越来越抢眼。例如升降摄像头，例如滑盖，又例如双面屏。</p>\r\n\r\n<p>对于手机爱好者们而言这是个眼花缭乱处处喝彩的时代，而对于部分只想实在买个手机的用户而言，就真有点不知所措了。3000 元价位的旗舰手机，一加 6T 应该算是个不需要怎么动脑的选择，足够的性价比+最核心的流畅优势已经足够能打。而对于想要选择备用机的用户（尤其是主力机是苹果，但是又需要部分 Android 体验的），我觉得一加 6T 也是个非常好的选择，原味的 Android +没那么复杂的系统，依旧旗舰的性能表现也不会拖后腿，根据主力机的不足按需折腾，丰富功能，发挥 Android 机型的优势，能够称职地扮演好备用机角色。美滋滋啊~</p>\r\n\r\n<p><img alt=\"\" src=\"https://cdn.sspai.com/2018/11/11/9daf9af500afe8869ca8aa8615e596dc.jpg?imageView2/2/w/1120/q/90/interlace/1/ignore-error/1\" /></p>\r\n\r\n<p>这样的一加 6T，算是你的菜吗？</p>\r\n', '32', null, null);
INSERT INTO essayinfo VALUES ('41', '一加7 Pro一周体验心得：到底值不值得为这块屏幕买单？', '16', '1', '2020-06-13 21:09:53', '0', '../PhoneMark_images/1aacf06a-fd7c-4617-aecb-7d18d05706ee1eed0cff9fa6a13f0f3ffb0412210795.jpg', '<p>从“不将就”的口号认知到一加（OnePlus）这个小众品牌，一边喷着万年1080P大果粒“不讲究”，一边却把3T之后后续每代产品都买来把玩，我也应该算得上是个嘴上说着不要不要，手却很老实的假用户了吧？</p>\r\n\r\n<p>就在刘作虎微博开始宣传真机皇该有的屏幕时，就意味着这超越旗舰机1080P平均线的2K OLED屏，真的要来了，一加总算再次“不将就”，一加7 Pro发售后，便果断剁手入机！</p>\r\n\r\n<p><img alt=\"\" src=\"https://cdn.sspai.com/2019/05/30/a6f5f0ba2a49c82be15270fdc43acddf.jpg?imageView2/2/w/1120/q/90/interlace/1/ignore-error/1\" /></p>\r\n\r\n<p><img alt=\"\" src=\"https://cdn.sspai.com/2019/05/30/d0f14ec8ee5c583b27868c2a5a5a561e.jpg?imageView2/2/w/1120/q/90/interlace/1/ignore-error/1\" /></p>\r\n\r\n<p><img alt=\"\" src=\"https://cdn.sspai.com/2019/05/30/c0fda14c66c4bd239cfee8b7565b1fd8.jpg?imageView2/2/w/1120/q/90/interlace/1/ignore-error/1\" /></p>\r\n\r\n<p>息屏状态下，一加7 Pro和其他手机放在一起（从左到右依次是：Google Pixel 2XL、OnePlus 6T、iPhone XS Max、OnePlus 7 Pro），乍看并没有特别神奇的地方，除了整机似乎比较大：</p>\r\n\r\n<p><img alt=\"\" src=\"https://cdn.sspai.com/2019/05/30/4722dd25730371218c14e590e31b32c0.jpg?imageView2/2/w/1120/q/90/interlace/1/ignore-error/1\" /></p>\r\n\r\n<p>但是一点亮屏，一加7 Pro满眼几乎都是屏幕，其他的传统设计、水滴屏、刘海屏顿时黯然失色：</p>\r\n\r\n<p><img alt=\"\" src=\"https://cdn.sspai.com/2019/05/30/5411eb9ae92aba9f6bf748a3b5a5b719.jpg?imageView2/2/w/1120/q/90/interlace/1/ignore-error/1\" /></p>\r\n\r\n<p>这块屏幕由三星提供，和Galaxy S10是同款最新Dynamic Amoled材质，并且连双曲面设计也延续了过来。</p>\r\n\r\n<p>三星历经S6到S10的演变，三星对曲率的把控已经出神入化，S6和S7时代被喷最多的就是误触，但自S8起至今，误触基本解决，更多的评价则是：美。</p>\r\n\r\n<p>一加7 Pro的这个正面颜值似曾相识，没错，和三星Note 9的尺寸、曲率很接近，用过多代三星旗舰的我很快就沦陷于其中了。</p>\r\n\r\n<p><img alt=\"\" src=\"https://cdn.sspai.com/2019/05/30/2ae346f085305b811a5cd253fbc2c994.jpg?imageView2/2/w/1120/q/90/interlace/1/ignore-error/1\" /></p>\r\n\r\n<p><img alt=\"\" src=\"https://cdn.sspai.com/2019/05/30/0da6fdfe5d01ea8a92545886fc7a66ff.jpg?imageView2/2/w/1120/q/90/interlace/1/ignore-error/1\" /></p>\r\n\r\n<p>我以前吐槽一加屏幕大果粒的时候，很多人表示不理解，我给出的解释是：近距离看手机，文字笔画全是毛边，这也是为什么常说无2K不A屏的原因。</p>\r\n\r\n<p>这次终于上了2K分辨率，甚至一加7 Pro在三星的基础上，还引入了超高90Hz刷新率，以前我说屏幕素质高低还要去解释，这次真的可以省了，用过就回不去，因为手头没有很好的摄像机，就从酷安小编分享的评测视频里，截取了普通手机和一加7 Pro的列表滑动慢镜头对比动图（表示感谢，侵删）：</p>\r\n\r\n<p><img alt=\"\" src=\"https://cdn.sspai.com/2019/05/30/fa58d23af1611191bdb82cda960df600.gif?imageView2/2/w/1120/q/90/interlace/1/ignore-error/1\" style=\"width:500px\" /></p>\r\n\r\n<p>显然，常规屏幕60Hz的刷新率放慢后，能明显看出动画一跳一跳的，实际体验中，那就是一加7 Pro的各种动画非常流畅和过瘾。</p>\r\n\r\n<p>真的好体验，谁用谁知道，如果你看谁不爽，就借他玩一会儿一加7 Pro的屏幕，让他也回不去吧！</p>\r\n\r\n<p>但是90Hz刷新率也有着局限性，每秒钟刷新90帧画面，除了一些基础动画外，目前主流的游戏最高也只支持到60帧率，尚不能得到充分发挥，以后可能会有相应的游戏和视频出来吧，从OV和腾讯多次出定制版手机的过去来看，同气连枝的一加一定会得到相应资源支持的。</p>\r\n\r\n<p>可能前面的图，有细心的读者已经发现，似乎一加7 Pro的屏幕显色偏黄，我把iPhone XS Max、一加7 Pro、一加6T的屏幕亮度都调大最大，来个无偏袒的客观对比：</p>\r\n\r\n<p><img alt=\"\" src=\"https://cdn.sspai.com/2019/05/30/cb22e89c81cf83915cfbcc9b458a2c4d.jpg?imageView2/2/w/1120/q/90/interlace/1/ignore-error/1\" /></p>\r\n\r\n<p>很显然，苹果的这块OLED显色偏红，一加6T的这块1080P OLED则偏蓝，相比较之下一加7 Pro居然是糟糕的屎黄色？</p>\r\n\r\n<p>所幸的是一加这块屏幕的颜色是可以随意调校的，默认的鲜艳模式会让白色显示偏黄，不习惯的朋友可以考虑切到自然模式，而专业模式则更犀利，可以直接很自由地调整想要的各种效果，下图分别是我尝试调了偏黄和偏蓝的两个极端：</p>\r\n\r\n<p><img alt=\"\" src=\"https://cdn.sspai.com/2019/05/30/10feccbb5d4f0514f417d0bf611d7452.jpg?imageView2/2/w/1120/q/90/interlace/1/ignore-error/1\" /></p>\r\n\r\n<p><img alt=\"\" src=\"https://cdn.sspai.com/2019/05/30/57efcab3589e8f449061ac783226da0f.jpg?imageView2/2/w/1120/q/90/interlace/1/ignore-error/1\" /></p>\r\n\r\n<p>上图顺便也能看出，一加7 Pro在下巴的缩短上也是下了功夫，已经逐渐接近iPhone XS Max的水平。</p>\r\n\r\n<p>最新的推送的固件已经支持DC调光，前段时间各大厂商和媒体疯狂营销的一个屏幕方案，只需要进入设置-工具箱-一加实验室即可开启，能消除夜间低亮度下的屏幕频闪，保护视力。</p>\r\n\r\n<p><img alt=\"\" src=\"https://cdn.sspai.com/2019/05/30/80567e84c776eb96bd60e761e8329d64.jpg?imageView2/2/w/1120/q/90/interlace/1/ignore-error/1\" /></p>\r\n\r\n<p> </p>\r\n\r\n<p>这块高屏占比的屏幕，打游戏的体验那是超爽，我这星期打了不少场王者荣耀，大家纠结的曲面误触问题基本不用担心。</p>\r\n\r\n<p><img alt=\"\" src=\"https://cdn.sspai.com/2019/05/30/4249891549670c9962d93ccdbc3ce45f.jpg?imageView2/2/w/1120/q/90/interlace/1/ignore-error/1\" /></p>\r\n\r\n<p>然后是游戏模式下来消息，可以不用把游戏切到后台去看和回复哦，拉下通知栏快捷地进行小窗口回复（设置-工具箱-横屏快速回复功能），充分利用加载和复活等待时间去回消息，挺实用：</p>\r\n\r\n<p><img alt=\"\" src=\"https://cdn.sspai.com/2019/05/30/3347bf9d8cb9bc21484e98c17b76f0a9.jpg?imageView2/2/w/1120/q/90/interlace/1/ignore-error/1\" /></p>\r\n\r\n<p>因为屏幕的高素质，大家肯定会担心续航的问题，特效全开（高帧率、超高分辨率、以及其他各种效果开关都打开，包括音效）的高强度游戏情况下，实测1小时游戏掉电在23%左右：</p>\r\n\r\n<p><img alt=\"\" src=\"https://cdn.sspai.com/2019/05/30/57c456fc1bec9476765a2a716588e65f.jpg?imageView2/2/w/1120/q/90/interlace/1/ignore-error/1\" /></p>\r\n\r\n<p>而正常使用，主要刷酷安，间歇地玩游戏、聊微信，这块2K分辨率、90Hz屏幕的耗电水平，是2小时亮屏掉电20%：</p>\r\n\r\n<p><img alt=\"\" src=\"https://cdn.sspai.com/2019/05/30/959f3e453036cd7d895f6e1291baca20.jpg?imageView2/2/w/1120/q/90/interlace/1/ignore-error/1\" /></p>\r\n\r\n<p>综上，整体续航算是常规水平吧，不突出也不差，但是2K分辨率和90Hz刷新率能有续航平均水平，已经挺不错的啦，再说分辨率和刷新率是可以手动设置降下去的。</p>\r\n\r\n<p><strong>三四千的价位，这个屏幕素质和续航水平，是我给一加7 Pro打好评的最主要原因。</strong></p>\r\n\r\n<p>一加7 Pro的背面颜值也很高，这次我选择了8+256G星雾蓝，背面的迷人炫彩非常打动我：</p>\r\n\r\n<p><img alt=\"\" src=\"https://cdn.sspai.com/2019/05/30/46a1a693f45fc3fe82a9ea843134dcff.jpg?imageView2/2/w/1120/q/90/interlace/1/ignore-error/1\" /></p>\r\n\r\n<p><img alt=\"\" src=\"https://cdn.sspai.com/2019/05/30/51a551f8f2bb7254161654b4dbad1711.jpg?imageView2/2/w/1120/q/90/interlace/1/ignore-error/1\" /></p>\r\n\r\n<p><img alt=\"\" src=\"https://cdn.sspai.com/2019/05/30/49bc0cde40493ad3e8140cb1b72f5308.jpg?imageView2/2/w/1120/q/90/interlace/1/ignore-error/1\" /></p>\r\n\r\n<p>除了机身正反面的可见元素，大家普遍关心的，还有一加7 Pro的重量、厚度、相机水平。</p>\r\n\r\n<p>重量方面，红米K20 Pro 191克，一加6T 185克，三星S10+  175克，华为Mate 20 Pro 189克，iPhone XS Max 208克，一加7 Pro  206克；作为iPhone XS Max和一加7 Pro等机器多持用户，我表示这俩确实差不多重，新上手的朋友可能会觉得有些沉，习惯这分量后，其他机子的手感就和玩具似的了。</p>\r\n\r\n<p>厚度，一加7 Pro比iPhone XS Max和一加6T要厚一些，下图可明细看出高出两者一道缝隙：</p>\r\n\r\n<p><img alt=\"\" src=\"https://cdn.sspai.com/2019/05/30/b63e60473776f6085b7b0a253a8deafb.jpg?imageView2/2/w/1120/q/90/interlace/1/ignore-error/1\" /></p>\r\n\r\n<p>最后提一下相机，这次一加的DXO拍照评分也是超高，不过据说送检固件比零售版本的相机要更好，后面测试稳定了才会推送来着，我上两组实拍图大家感受下首批零售一加7 Pro的相机水平。</p>\r\n\r\n<p>第一组是白天，第二组是夜视，每组均为5张图，使用的相机从上到下均为：Google Pixel 2 XL、iPhone XS Max、OnePlus 6T、OnePlus 7 Pro使用官方相机、OnePlus 7 Pro使用谷歌相机。</p>\r\n\r\n<p><img alt=\"\" src=\"https://cdn.sspai.com/2019/05/30/63b7ca0e05c1c71a4ee113a539afb43c.jpg?imageView2/2/w/1120/q/90/interlace/1/ignore-error/1\" /></p>\r\n\r\n<p>白天效果上，主要是墙壁颜色差异，iPhone XS Max偏白，谷歌相机偏黄，一加6T则发绿，一加7P似乎是最舒适的；还有天空，iPhone XS Max最明亮，一加7 Pro其次；看大家喜好吧，总体来说差别不是很大。</p>\r\n\r\n<p><img alt=\"\" src=\"https://cdn.sspai.com/2019/05/30/7652a01cfc81cd8379cbe67339cb3639.jpg?imageView2/2/w/1120/q/90/interlace/1/ignore-error/1\" /></p>\r\n\r\n<p><img alt=\"\" src=\"https://cdn.sspai.com/2019/05/30/0250691122538c61e068bd2e45e11590.jpg?imageView2/2/w/1120/q/90/interlace/1/ignore-error/1\" /></p>\r\n\r\n<p>夜拍的效果，同样是拍壁挂的一幅画，iPhone XS Max应该是被完爆了，一加6T的涂抹感严重，谷歌相机毫无疑问问鼎，无论是谷歌亲儿子手机还是一加7 Pro用的谷歌相机。</p>\r\n', '32', null, null);
INSERT INTO essayinfo VALUES ('42', '坚果 Pro 3 上手体验：重新出发的「不变与改变」', '17', '1', '2020-06-13 21:26:48', '0', '../PhoneMark_images/2bdab0c2-9066-47ad-9f57-a974d6fba97e89227288-ed8f-6d6f-1f9a-0376099bf923.png', '<p>今年对于锤子科技来说可以说是巨变的一年。老罗离开，「头条」入场，手机团队更名，这一切让公司的未来布满了各种不确定。</p>\r\n\r\n<p>与此同时，2019 年的国内智能手机市场厮杀格外激烈，搭载旗舰芯片的性价比机型接二连三的发布。在这样的大背景下，昨晚坚果手机在北京召开了今年的新品发布会，正式发布了坚果 Pro 3。在进行了简单的上手体验后，我想谈谈坚果 Pro 3 的「不变与改变」。</p>\r\n\r\n<h2>设计与屏幕：主流的正面，四摄排布的不同思考</h2>\r\n\r\n<p>外观设计一向以来是坚果手机的长处，他们之前的推出的手机大都有着自己鲜明的辨识特色。而坚果 Pro 3 相比之前追求对称、极简的风格，的确发生了一些变化。背面的摄像头采用了 3+1 的矩形排布，闪光灯的设计则根据颜色版本的不同产生了差异，我手上的这台白色为矩形，黑/绿两色则为长条状。</p>\r\n\r\n<p><img alt=\"\" src=\"https://cdn.sspai.com/2019/11/01/1372cdfbaacf550c9af78ca63fa2e33f.jpg?imageView2/2/w/1120/q/90/interlace/1/ignore-error/1\" /></p>\r\n\r\n<p>白色依然是坚果手机的特色</p>\r\n\r\n<p>产品标识没有继续放在背部中央，而印在了左下角，Smartisan 的 Logo 是一个红色可亮呼吸灯，在光线较强的时候几乎感觉不到它的存在。当收到来电、信息的时候便会点亮，与其说是实用，更像是一种彰显情怀的小细节。不过套上手机壳后挡住了怎么办？其实屏幕左上角还有一个普通呼吸灯用于展示手机状态。在这种小细节上，你还是能看到之前坚果手机的影子。</p>\r\n\r\n<p><img alt=\"\" src=\"https://cdn.sspai.com/2019/11/01/2f4d635c3188f9654d36e5b707a0bc7f.gif?imageView2/2/w/1120/q/90/interlace/1/ignore-error/1\" style=\"width:400px\" /></p>\r\n\r\n<p>Logo 呼吸灯</p>\r\n\r\n<p>坚果 Pro 3 正面则是一块 6.39 寸的水滴屏，可以说是今年智能手机的「大众脸」了，也算是「全面屏风潮」回归冷静之后的一种妥协产物吧。手机采用了最新一代汇顶的屏下指纹技术，解锁速度也是主流的水平。本次的 AMOLED 屏幕加入了 DC 调光，搭配新的自研亮度调整算法，在室外强光下也能保持不错的可视度。</p>\r\n\r\n<p><img alt=\"\" src=\"https://cdn.sspai.com/2019/11/01/f271a04e3fabd05ffeba92a1f364ddb7.jpg?imageView2/2/w/1120/q/90/interlace/1/ignore-error/1\" /></p>\r\n\r\n<p>在手感方面，坚果 Pro 3 依旧是个「圆滑当道时代的锐丽异类」，金属磨砂中框搭配玻璃盖板会让你想起 iPhone 4 和 iPad Pro，这可以说是坚果手机最具有标志性的特色了。边框四周以及前后的过渡打磨得较为圆滑，也不会存在「割手」的问题。</p>\r\n\r\n<p>外观设计上的美丑每个人都有自己的评价标准，但一款硬件在设计和制造的时候有很多优先级，团队的资源和精力也是有限的，厂商需要进行一定的取舍。坚果 Pro 3 的外观保留了一些自己独特的辨识特色，但同时也向主流更靠近了一步，这虽然有点保守，但似乎对于重新出发的坚果来说未尝不是一个务实的选择。</p>\r\n\r\n<h2>系统：Smartisan OS 7.0，依然效率优先</h2>\r\n\r\n<p>相比起外观，Smartisan OS 的第七个版本带来的变化更大，全面升级的 Smartisan OS 7.0 系统，将引以为傲的「三驾马车」大爆炸、一步、闪念胶囊均升级到了 3.0 版本。</p>\r\n\r\n<p>大爆炸新增了「炸声音」的功能。与 Android 10 的 Live Caption 实时字幕类似，通过从系统底层抓取声音，可以将手机上播放的几乎一切音频内容实时提取转换成外挂字幕。</p>\r\n\r\n<p>实际测试下来，识别准确度还是比较高的，听写的结果还可以获取文字进行下一步的处理，不过这个功能目前还不能离线使用。另外中/英文切换需要手动到菜单中设置，如果能自动识别就更好了。</p>\r\n\r\n<p><img alt=\"\" src=\"https://cdn.sspai.com/2019/11/01/5a83f97f5adc5b267c903efb1401b6b8.jpeg?imageView2/2/w/1120/q/90/interlace/1/ignore-error/1\" /></p>\r\n\r\n<p>炸声音</p>\r\n\r\n<p>除了「炸声音」，大爆炸还加入了「炸录屏」功能。它在手机录屏的基础上更进一步，可以帮助用户截取视频中的某一帧，实现保存长图、合成 GIF 图等，方便用户快速将视频中的内容进行分享。</p>\r\n\r\n<p><img alt=\"\" src=\"https://cdn.sspai.com/2019/11/01/fac1c21c35434ad274fabe3af806eb37.gif?imageView2/2/w/1120/q/90/interlace/1/ignore-error/1\" /></p>\r\n\r\n<p>炸录屏</p>\r\n\r\n<p>一步的主要改进则集中在多窗口的优化。分屏使用的功能基本各家现在都有，而 Smartisan OS 则希望能在分屏这件事上多做一步。现在同屏最多可以同时运行 4 个「活应用」，当你将文字、图片等拖拽到某个应用时，它会自动变为大屏显示，在有限的屏幕面积下，这样的设计明显更加实用。</p>\r\n\r\n<p><img alt=\"\" src=\"https://cdn.sspai.com/2019/11/01/86054b3a58c95959d42b4593ad3670f0.png?imageView2/2/w/1120/q/90/interlace/1/ignore-error/1\" style=\"width:400px\" /></p>\r\n\r\n<p>新的一步</p>\r\n\r\n<p>闪念胶囊则新增了语音助手功能，根据官方介绍，与市面上大部分语音助手不同，闪念胶囊会基于判定结果给出最直接的结果反馈，提供「少话式」服务态度和「饱和式」服务供给。简单来说就是不会把「查一下明天的天气」记成一个语音备忘，也不会在你需要语音速记文字的时候打开网页搜索。不过该功能暂未在最新版本的系统中上线，究竟效果如何还有待之后的体验。</p>\r\n\r\n<p>Smartisan OS 的桌面模式 TNT 本次带来了无线投屏的使用方法，进一步降低了它硬件上的使用门槛。你现在甚至不需要一台显示器了，由于支持 Miracast 投屏和乐播投屏，我用自己的 Windows 10 笔记本就可以启动 TNT。可能是因为早期版本的原因，整体的分辨率和延迟控制的并不理想，期待之后的持续优化。</p>\r\n\r\n<p><img alt=\"\" src=\"https://cdn.sspai.com/2019/11/01/3b94a6ec98c997bafa37bf87f9690e44.gif?imageView2/2/w/1120/q/90/interlace/1/ignore-error/1\" style=\"width:400px\" /></p>\r\n\r\n<p>游戏模式、全面屏手势、负一屏增强……在大量对于基础体验更新的同时，系统整体依旧保持了简洁的美观设计。整体来看，坚果 Pro 3 依然拥有你熟悉的那个 Smartisan OS，效率体验和人性化功能，它们依然是坚果手机最核心的卖点。</p>\r\n\r\n<h2>相机：标准的四摄组合，「头条系」功能入场</h2>\r\n\r\n<p>在相机方面，四摄组合也是今年 Android 阵营的常客了，4800 万像素主摄（索尼 IMX586，是的，还是它）+1300 万像素超广角+800 万像素长焦+500 万像素微距组成了坚果 Pro 3 的影像系统，从简短的体验来看，目前不同焦段之间颜色表现差异还是较大，由于刚刚发布，固件之后也会陆续更新。以下为部分实拍样张（图片有压缩），供大家参考。</p>\r\n\r\n<p><img alt=\"\" src=\"https://cdn.sspai.com/2019/11/01/5ee2ab1e95f545f620920cf3a16ff78a.jpg?imageView2/2/w/1120/q/90/interlace/1/ignore-error/1\" /></p>\r\n\r\n<p>4800 万主摄</p>\r\n\r\n<p><img alt=\"\" src=\"https://cdn.sspai.com/2019/11/01/094c7921c3f4e834fc7f42fb51b100f9.jpg?imageView2/2/w/1120/q/90/interlace/1/ignore-error/1\" /></p>\r\n\r\n<p>4800 万像素主摄 </p>\r\n\r\n<p><img alt=\"\" src=\"https://cdn.sspai.com/2019/11/01/314944efeefba8fdb9b7d414853cb15b.jpg?imageView2/2/w/1120/q/90/interlace/1/ignore-error/1\" /></p>\r\n\r\n<p>1300 万超广角</p>\r\n\r\n<p><img alt=\"\" src=\"https://cdn.sspai.com/2019/11/01/03c831363c08ea8a6322ee887cd995d6.jpg?imageView2/2/w/1120/q/90/interlace/1/ignore-error/1\" /></p>\r\n\r\n<p>1300 万超广角</p>\r\n\r\n<p><img alt=\"\" src=\"https://cdn.sspai.com/2019/11/01/7158babf71b3b809d87e6f171869e3bb.jpg?imageView2/2/w/1120/q/90/interlace/1/ignore-error/1\" /></p>\r\n\r\n<p>800 万长焦</p>\r\n\r\n<p>值得关注的是，得益于字节跳动的技术加持，相机引入了不少「头条系」App 的功能，例如加入了轻颜相机的分人美颜、记忆美颜等功能，还有抖音的不限数量和时长的特效等。此外，相机在拍摄视频时有一个十分有趣的功能，支持同时拍到前后两个画面，一次拍摄可以提供两种视角，这对于一些需要拍摄 Vlog 的用户来说确实能提供一些便利。</p>\r\n\r\n<p><img alt=\"\" src=\"https://cdn.sspai.com/2019/11/01/5c3326e1d3faf2e6beea0749cb99080a.png?imageView2/2/w/1120/q/90/interlace/1/ignore-error/1\" /></p>\r\n\r\n<p>前后同时拍摄</p>\r\n\r\n<h2>重新出发，「做得好」更要「做自己」</h2>\r\n\r\n<p>作为更名「新石实验室」的首款产品，坚果 Pro 3 可以说是一款务实的手机。在设计上保留自己的特色，但不过分的偏执；在操作系统方面依然延续自己追求效率的特色，抓住自己的核心用户，但引入更多大众用户的需求。这些产品上的「不变与改变」让坚果 Pro 3 在当今的市场依旧拥有鲜明的特征。</p>\r\n\r\n<p>高通骁龙 855 Plus、搭配最低 8GB+128GB（UFS2.1）的组合，加上标准的四摄和 4000mAh 的电池，在这个价位上，坚果 Pro 3 的硬实力与友商今年推出的机型相比说不上有「性价比」。对于重新出发的坚果手机来说，这或许是目前他们能拿出来的最大诚意，但面对今年竞争异常惨烈的市场，他们要面临的挑战可能甚至比一年前还要更加严峻。</p>\r\n\r\n<p>不管哪款产品，遗憾始终存在。「做得好」的同时更要「做自己」，我想这是很多人追随并喜爱这个品牌的理由，也是我对坚果手机重新出发的期许。</p>\r\n', '33', null, null);
INSERT INTO essayinfo VALUES ('43', '「千元机」如何保持设计感？这是锤子科技交出的答卷：坚果 3 全面体验', '17', '1', '2020-06-13 21:29:09', '0', '../PhoneMark_images/2af6adae-788b-4ca5-83f9-7e67231550dee82364e7-f034-d2f3-a36b-d3e5cbaa3382.jpg', '<p>除了关注那些应用了最前沿的科技，以及最高尖配置的旗舰级硬件，我个人也对研究入门级的科技产品非常感兴趣。毕竟，在设计「平价产品」时，厂家并不能总是「有钱任性」，往往需要在外观与硬件配置、功能特性之间做出一些权衡。<strong>如何才能在成本有限的前提下让产品特征以及用户体验最大化，是摆在所有厂商面前的一道难题。</strong></p>\r\n\r\n<p>现在，轮到锤子科技来交这份答卷了。</p>\r\n\r\n<p>4 月 9 号，锤子科技在北京发布了面向千元市场的坚果 3 手机。我有幸拿到了这台设备（4GB RAM + 32GB ROM 标准版，炭黑色），在当成主力机使用了数天之后，我想在这篇文章中和各位分享一下它的使用体验，以及我对它的一些见解。</p>\r\n\r\n<p>想说的真的很多，这台机器的争议的确不少，但我能保证，接下来的文字，都能代表我在使用坚果 3 的过程中最直接的想法与感受。</p>\r\n\r\n<h2>工业设计：「混合坚果」新口味</h2>\r\n\r\n<p>如果说，采用了可更换式多彩后盖的第一代坚果， 搭配聚碳酸酯机身，给人带来的是一种清新、明快、活泼的感觉。那么坚果 3 带来的第一印象，则更多是方正与硬朗。</p>\r\n\r\n<p><img alt=\"\" src=\"https://cdn.sspai.com/2018/04/19/9a88c1aae1887dba202e26d99a4ecf28.jpg?imageView2/2/w/1120/q/90/interlace/1/ignore-error/1\" style=\"width:500px\" /></p>\r\n\r\n<p>的确，坚果 3 的设计语言更加接近坚果 Pro 系列。不过，在「既视感」之外，坚果 3 的工艺设计也有着属于它的新口味。</p>\r\n\r\n<h3>全面屏：「三面无边框」</h3>\r\n\r\n<p>「三面无边框」式设计的「Almost 全面屏」 ，是这次坚果 3 最大的新亮点。</p>\r\n\r\n<p><img alt=\"\" src=\"https://cdn.sspai.com/2018/04/23/87a8bea3a0d4ec9428f82821c3713cbe.jpg?imageView2/2/w/1120/q/90/interlace/1/ignore-error/1\" /></p>\r\n\r\n<p>坚果 3 采用了一块 5.99 寸的 18:9 In-Cell 显示屏，分辨率为 2160x1080。屏幕好不好，还是要靠眼睛「收货」。至少在肉眼的观感上，屏幕的色彩还原与亮度表现都很出色，在同价位手机中也属于不错的水平。</p>\r\n\r\n<p>类似的全面屏设计，最早来源于夏普的 AQUOS 产品线，而后被小米的 MIX 系列继承使用。但在千元机上，这样的设计可以说十分罕见，绝大部分千元档全面屏都选择了保留「额头」和「下巴」。</p>\r\n\r\n<p>这次在坚果 3 上，锤子砍掉了「额头」，三边边框的宽度近乎一致，最上方的边框要略宽于左右两侧。而整个上半部分，只安放了一条日常使用时几乎不会留意的微缝听筒。</p>\r\n\r\n<p><img alt=\"\" src=\"https://cdn.sspai.com/2018/04/23/0f9901f537901ddc1d85208af619f10a.jpg?imageView2/2/w/1120/q/90/interlace/1/ignore-error/1\" /></p>\r\n\r\n<p>除了听筒，过去手机顶部还有一个元件也很重要，那就是距离感应器；有了它，手机才能在打电话时检测到你的脸蛋是否靠近了屏幕。当距离过近时，手机会自动暂时关闭屏幕，以避免误触。</p>\r\n\r\n<p>在坚果 Pro 2 上，锤子将其放在了顶部，只不过与光线感应器一道做成了隐藏式，极其不容易看见。现在没有「额头」，这个关键的组件去哪了？</p>\r\n\r\n<p>锤子的解决方案是：把光线传感器移到底部，而距离感应器则被「超声波接近感应」所取而代之。这项技术来自一家叫椭圆高科的企业，名为 INNER BEAUTY。原理是让设备发出高频率的超声波，这些超声波在接触到你的头部、手部等身体部位时会进行反射，然后设备的麦克风会捕获这些反射回来的超声波，最后再靠软件算法进行识别。</p>\r\n\r\n<p><img alt=\"\" src=\"https://cdn.sspai.com/2018/04/19/9009ac9593e613d44ef66640b0fa41a4.png?imageView2/2/w/1120/q/90/interlace/1/ignore-error/1\" /></p>\r\n\r\n<p>图/椭圆高科官网</p>\r\n\r\n<p>INNER BEAUTY 之前也在小米的 MIX 系列上进行了应用，在实际体验时，使用了这套算法技术的坚果 3 和传统的距离感应器几乎无异，应该说它已经比较成熟了。但到目前为止，在入门级产品上应用了INNER BEAUTY 的，只有锤子一家。</p>\r\n\r\n<p>或许，这就是选择「三边无边框」设计所必然要做出的改变。</p>\r\n\r\n<p>另一个为了这样的设计而做出改变的，是坚果 3 的「下巴」。这次坚果 3 的指纹挪到了前面，而由于空间的原因，前置摄像头也被放到了正面指纹的左侧。</p>\r\n\r\n<p><img alt=\"\" src=\"https://cdn.sspai.com/2018/04/23/3051dc7a19ab846346da62b968e78778.jpg?imageView2/2/w/1120/q/90/interlace/1/ignore-error/1\" /></p>\r\n\r\n<p>与在看到渲染图时的预想不太一致，坚果 3 上的这颗前置指纹实际上并不是实体按键。识别速度倒是很快，基本上手指刚放上去，就已经解锁了。</p>\r\n\r\n<p>至于基本的操控方式，坚果 3 没有沿用 Pro 2 的虚拟键，取而代之的，是一套基于前置指纹的交互逻辑：<strong>轻触返回，长触回到桌面，从底部上划激活多任务。</strong></p>\r\n\r\n<p>这种操作方式的好处是，可以完整利用全面屏的屏幕空间。但问题也很明显，由于不是可以按下的实体键，「长触返回桌面」这一个环节需要一定时间去适应。尤其是，如果你之前使用的是触摸式主页键，那么很有可能想着要回桌面，结果只是习惯性的「摸一下」而已。</p>\r\n\r\n<p>好在适应起来其实也并不困难，稍微多操作那么一会就能形成肌肉记忆了。但令我比较在意的一点是，说明书上称「可以在 <strong>设置 - 多任务 / 到桌面 / 回上一级</strong> 中切换操作方式」，然而翻遍了整个设置，我也没找到相关的选项。</p>\r\n\r\n<p>仔细一看，后面还跟着句话：「功能或有变更，以您下载的系统版本为准」。好吧......</p>\r\n\r\n<p>另一个变化，是摆在这个位置的前置摄像头。由于「三边无边框」设计，机身正面顶部几无空间，所以前置摄像头必须往下放，这是可以理解的。</p>\r\n\r\n<p>还记得在发布会结束之后，我看到了很多针对这个「下巴」的吐槽；虽然具体使用的语言可能有所不同，但大意都是：这样的排列方式「丑爆了！」。</p>\r\n\r\n<p>那么，这个「下巴」本身的排列方式，是否合理呢？</p>\r\n\r\n<p>我的意见是：</p>\r\n\r\n<p><strong>1. 我觉得这样的布局还算合理，而且并不难看。<br />\r\n2. 在使用时，你可能根本不会关心「下巴」的存在。</strong></p>\r\n\r\n<p>第一点你可以认为是我的个人看法，也欢迎提出其他观点；但第二点，确实是句大实话。</p>\r\n\r\n<p><strong>在使用坚果 3 这种设计的全面屏时，你的视觉重心其实基本上都在屏幕上；</strong>下巴是宽是窄，里面有什么东西，大概根本不会在意。反之，由于「额头」的消失，实际的视觉体验还会更好。</p>\r\n\r\n<p>在这个「下巴」的设计上，锤子其实也花了一些心思，仔细观察屏幕底部，有一条「细线」出现在了前面板上，在黑色机器上不太明显，有种若影若现的感觉。</p>\r\n\r\n<p><img alt=\"\" src=\"https://cdn.sspai.com/2018/04/23/b6a041a42baa6c3f830397c6a4c34b0a.jpg?imageView2/2/w/1120/q/90/interlace/1/ignore-error/1\" /></p>\r\n\r\n<p>为能显示清楚细线，照片经过特殊处理</p>\r\n\r\n<p>这条线其实是印上去的，并不是一个物理的分割线。它的作用有两个，一是分离屏幕显示区域与「下巴」功能区；二是在视觉效果上让前置指纹识别与摄像头的位置更为居中。个人认为，这条线的存在，确实让整个前面板显得更有秩序性了。</p>\r\n\r\n<h3>外观细节：「混合坚果」的元素呈现</h3>\r\n\r\n<p>如果你用过坚果 Pro 系列的机器，那么坚果 3 其他部分的设计应该会给你带来一种熟悉感。</p>\r\n\r\n<p>比如说，它的中框就采用了和坚果 Pro 2 几乎一致的设计。磨砂金属材质与圆形按键相结合，一道「金线」（或者说「细红线」）贯穿了整个中框，正中每个按键的中轴线。倒角也不再像坚果 Pro 一样「锐丽」，握在手上虽说还是方方正正，但与「割手」完全沾不上边。</p>\r\n\r\n<p><img alt=\"\" src=\"https://cdn.sspai.com/2018/04/23/81fdc60543ce8329794b629d86b2c7d6.jpg?imageView2/2/w/1120/q/90/interlace/1/ignore-error/1\" /></p>\r\n\r\n<p>左侧的 SIM 卡槽倒与坚果 Pro 2 不同，采用了「三选二」设计，可以双 SIM 卡，也能选择单 SIM 卡再加上一张 microSD 卡扩容。</p>\r\n\r\n<p>坚果 3 也保留了「闪念胶囊键」，但有趣的是，在实际的产品介绍中，这个键的名字却变成了「快捷键」。</p>\r\n\r\n<p>的确，它可以自定义为其他功能（例如：激活「一步」）；但在目前的 Smartisan OS 4.2 中，其他组合键都不能实现「呼出和创建闪念胶囊」的功能。</p>\r\n\r\n<p><img alt=\"\" src=\"https://cdn.sspai.com/2018/04/19/3046f136c3d87f5814f5b106471f0104.png?imageView2/2/w/1120/q/90/interlace/1/ignore-error/1\" style=\"width:300px\" /></p>\r\n\r\n<p>所以，除非你不需要这个特性，否则还是把它当成「闪念胶囊键」吧。</p>\r\n\r\n<p>虽然用了 Pro 2 的中框，但坚果 3 的玻璃却并非 2.5D 玻璃，而是类似于坚果 Pro 的纯平面设计。或许受成本所限，后盖的锤子 Logo 也没有做成金属，而是采用了漾印工艺。</p>\r\n\r\n<p><img alt=\"\" src=\"https://cdn.sspai.com/2018/04/23/e943ec8456c7edc58d1f75b6d1af8946.jpg?imageView2/2/w/1120/q/90/interlace/1/ignore-error/1\" /></p>\r\n\r\n<p>双摄的设计也和坚果 Pro 类似，两颗摄像头直径一致，横向排列。没有跟风做成 iPhone X 那样的「画个大椭圆，黑色做表面，闪光放中间，双摄摆两遍」的竖排双摄设计。</p>\r\n\r\n<p>不过突出的摄像头势必会造成「无法四平八稳放在桌面上」的情况，如果你介意的话，戴上官方的保护套，这突出的双摄就被「抹平」了。毕竟，「手机只是交个朋友」嘛。</p>\r\n\r\n<p><img alt=\"\" src=\"https://cdn.sspai.com/2018/04/23/000694e9a984d1c49130d748005762c3.jpg?imageView2/2/w/1120/q/90/interlace/1/ignore-error/1\" /></p>\r\n\r\n<p>底部采用了 Type-C 接口，这年头，使用 Type-C 的千元机还真是凤毛麟角。坚果 3 在这块没有妥协，实在是难得可贵。</p>\r\n\r\n<p>但是，坚果 3 取消了 3.5 mm 的耳机接口，而且包装中也没有附送转接头，需要单独购买。</p>\r\n\r\n<p>如果要让我给坚果 3 的工业设计打个分，满分 100 的话，我大概会给 75 分。「三边全面屏」的设计的确很讨好眼球，整机的做工也非常出色，体现出了良好的品质感。<strong>千元机里，能在设计感上超越坚果 3 的，恐怕是少之又少。</strong></p>\r\n\r\n<p>不过，Pro 2 的边框，加上 Pro 的玻璃后盖与双摄，它的设计也实在是非常「混合坚果」了。虽然在一款千元机上复用一些标志性的设计元素，还是可以理解的；但我仍旧希望坚果这条产品线能做出一些更独特的东西。</p>\r\n\r\n<h2>配置：「神 U」够用吗？</h2>\r\n\r\n<p>相比起「三面无边框」的全面屏，坚果 3 的硬件配置显得就没那么有亮点了。毕竟，这颗高通骁龙 625 芯片，已经被包括锤子在内的数家厂商反复「打磨」了无数回。很多人都期待着坚果 3 能提供更新更好的配置。</p>\r\n\r\n<p>在实际体验上，坚果 3 针对日常使用是没有什么问题的，使用各种应用时都很流畅，很少遇到卡顿。4GB 内存也保证了它在切换后台时不会经常重载。测试的时候，也没有遇到过假死的情况。</p>\r\n\r\n<p>不过，当我使用「一步」在多个应用之间频繁切换时，还是能明显感知到这颗 SoC 的短板，毕竟 625 的定位不高，性能比较有限。</p>\r\n\r\n<p>简单地说，625 应付日常使用毫无问题，流畅自如。但在干一些「重活累活」时，这颗 SoC 有可能会给你一种比较吃力的感觉。</p>\r\n\r\n<p>这些「重活累活」之中，也包括游戏。玩游戏其实也是对手机硬件配置的全方位考验，但从参数上看，625 缺乏大核心，GPU 性能也只是入门的级别，游戏体验理论上确实不会非常出众。</p>\r\n\r\n<p>但很多人还是会好奇坚果 3 的实际游戏表现，比如说最近热门的「大逃杀」类手游。有人就在微博上问我：</p>\r\n\r\n<blockquote>\r\n<p>「吃鸡，这配置玩游戏不会卡成狗么」？</p>\r\n</blockquote>\r\n\r\n<p>实践出真知，我还真用坚果 3 玩了会儿《绝地求生 刺激战场》，照样吃到了鸡，照样和队友杀入了决赛圈。</p>\r\n\r\n<p><img alt=\"\" src=\"https://cdn.sspai.com/2018/04/19/6f6082125cb8d019c468a2bfdce7ea9e.png?imageView2/2/w/1120/q/90/interlace/1/ignore-error/1\" /></p>\r\n\r\n<p><img alt=\"\" src=\"https://cdn.sspai.com/2018/04/19/69332b543f9977662fbf7e5550a734b7.png?imageView2/2/w/1120/q/90/interlace/1/ignore-error/1\" /></p>\r\n\r\n<p>当然，画面设置肯定是以流畅为主的 （画面品质：流畅，帧数设置：高，流畅自适应：开），虽然游戏内不显示帧数，玩起来肯定也碰上过掉帧的现象。不过本来这个游戏的帧同步速率就不稳，许多高端机也都会出现掉帧。</p>\r\n\r\n<p>其他游戏我也做了一些测试，《王者荣耀》高帧率基本上可以保持 30 - 45 帧，对于那些并非专业玩家，只是打算消磨时间或是出于社交目的随便玩玩的用户来说，这样的表现其实已经算「能玩」了。625 玩游戏，并非想象中的那么不堪。</p>\r\n\r\n<p>当然，在面对一些硬件需求稍大的手游时，625 的游戏体验的确说不上特别好。最近《我的世界》Beta 测试版迎来了「水域更新」，海底的生态系统一下变得十分复杂。经过测试，默认画面设置下，在大面积水域上方，坚果 3 的帧数时常会掉到 30 帧以内。</p>\r\n\r\n<p><img alt=\"\" src=\"https://cdn.sspai.com/2018/04/19/5b240b03847a99a6f72a501714d5b85b.png?imageView2/2/w/1120/q/90/interlace/1/ignore-error/1\" /></p>\r\n\r\n<p>当然，这或许也和 Beta 版优化不足有关，但坚果 3 的硬件配置确实不太适合对画面与帧数要求较高的手游玩家，如果你真的十分在意这些，请务必三思。</p>\r\n\r\n<h2>相机：「诚实双摄」的表现如何？</h2>\r\n\r\n<p>坚果 3 的后置双摄方案与坚果 Pro 类似，两颗 1300 万像素的摄像头，其中一颗为黑白镜头。但光圈变为了 ƒ/2.2，闪光灯变为了单色温，RGBW 白平衡传感器也被去掉了。</p>\r\n\r\n<p>实际体验中，在光线充足的白天场景下，坚果 3 的拍摄体验还是很不错的，成片的清晰度和细节表现也符合我对一款千元机的预期。</p>\r\n\r\n<p>但在具体的效果上，这颗主摄的动态范围似乎有些不足，以图一的样张为例，晴天的天空显得有些过曝了。而在图四这样的镜头冲光环境中，拍出来的树叶还存在着一定的紫边问题。</p>\r\n\r\n<p><img alt=\"\" src=\"https://cdn.sspai.com/2018/04/19/5335cf1d2a1dbb21f2aefb6e8b4f196f.jpg?imageView2/2/w/1120/q/90/interlace/1/ignore-error/1\" /></p>\r\n\r\n<p><img alt=\"\" src=\"https://cdn.sspai.com/2018/04/19/b32d333356d1bc101ade4fc5ea0cd6d7.jpg?imageView2/2/w/1120/q/90/interlace/1/ignore-error/1\" /></p>\r\n\r\n<p>俗话说得好，「宽容度不够，HDR 来凑」。坚果 3 的 HDR 并不支持自动模式，但开启之后，HDR 对画面亮度的提升可以说非常「暴力」，阴影表现和宽容度都有了大幅提升，白云也不再是一片白茫茫了，一眼看上去，整体效果要好上很多。</p>\r\n\r\n<p><img alt=\"\" src=\"https://cdn.sspai.com/2018/04/19/a53ea81b01425cb5f9b3058518f479d2.png?imageView2/2/w/1120/q/90/interlace/1/ignore-error/1\" /></p>\r\n\r\n<p>到了夜间，由于光圈变小，摄像头的进光量也相应地受到了一定的影响。带来的结果，是画面亮度有时会稍显不足，尤其是在极限暗光的环境下。</p>\r\n\r\n<p><img alt=\"\" src=\"https://cdn.sspai.com/2018/04/19/797c15dd6a26764a56955f66d1a36b4f.jpg?imageView2/2/w/1120/q/90/interlace/1/ignore-error/1\" /></p>\r\n\r\n<p><img alt=\"\" src=\"https://cdn.sspai.com/2018/04/19/e2540cbaaa01b99b3dbad916e58b6cb5.jpg?imageView2/2/w/1120/q/90/interlace/1/ignore-error/1\" /></p>\r\n\r\n<p>坚果 3 还提供了一个「双摄夜景模式」，通过彩色与黑白镜头的合成，来提升夜景表现。经过测试，启用「双摄夜景模式」的确会对暗光成像效果有一定提升，然而提升依旧有限。</p>\r\n\r\n<p>下面这组样张选择了同一测光点，启用了「双摄夜景模式」后的坚果 3 确实在一定程度上带来了更高的整体画面亮度，以及更丰富的画面细节；但是暗部的噪点却也随之增多，而且在光线较多的前提下，「双摄夜景模式」的效果就不是很明显了。</p>\r\n\r\n<p><img alt=\"\" src=\"https://cdn.sspai.com/2018/04/19/68d2139aad3d456456ae16d0138d0cb3.png?imageView2/2/w/1120/q/90/interlace/1/ignore-error/1\" /></p>\r\n\r\n<p>双摄的加入，也为背景虚化提供了可能；坚果 3 此次采用了 Arcsoft 的虚化算法，抠图的效果有所保证。在提供双摄的千元机中，坚果 3 的背景虚化，算得上是数一数二的。</p>\r\n\r\n<p><img alt=\"\" src=\"https://cdn.sspai.com/2018/04/19/ce3a7ff99179caa276134b1603e959f2.jpg?imageView2/2/w/1120/q/90/interlace/1/ignore-error/1\" /></p>\r\n\r\n<p><img alt=\"\" src=\"https://cdn.sspai.com/2018/04/19/81d91cebe4ac71b5d5f2df6ed8158a4e.jpg?imageView2/2/w/1120/q/90/interlace/1/ignore-error/1\" /></p>\r\n\r\n<p>只不过，在画面上的元素较多时，坚果 3 会花比较久的时间去计算，然后才能拍下一张。这或许也和 625 这块芯片有一定关系。</p>\r\n\r\n<p>坚果 3 还引入了「视频防抖」功能，与 Pro 2 一样同为 TDK 提供技术支持。很多千元机拍视频，即使你的手不抖，画面依旧会有着「抽风」似的抖动。但在开启了「视频防抖」之后，坚果 3 的画面稳定性的确有了非常大的提升。</p>\r\n\r\n<p><img alt=\"\" src=\"https://cdn.sspai.com/2018/04/19/488efb6aeed47f121ab74f20dbeaabf8.gif?imageView2/2/w/1120/q/90/interlace/1/ignore-error/1\" /></p>\r\n\r\n<p>当然，由于这种电子防抖的原理所限，拍出来的视频会进行画面裁剪，看上去会比取景器中「小一圈」。如果要启用该功能，拍摄时请务必考虑到这一点。</p>\r\n\r\n<p>至于前置摄像头，由于「三面无边框」全面屏设计压缩了顶部空间，前置摄像头不得不移到了「下巴」的位置。但这样的设计，会在自拍的时候默认总是看到自己的大鼻孔，令人十分不爽。</p>\r\n\r\n<p>对此，锤子给出的解决方案是：反正你都得把机器倒过来自拍，那我干脆就再做一个功能，让你在亮屏时倒转手机的时候可以快速进入自拍模式。</p>\r\n\r\n<p><img alt=\"\" src=\"https://cdn.sspai.com/2018/04/19/75f56f48c36fe82fb3ee9042fe50f3c1.png?imageView2/2/w/1120/q/90/interlace/1/ignore-error/1\" style=\"width:300px\" /></p>\r\n\r\n<p>这个功能用起来怎么样？首先，要是光谈灵敏度的话，它做得没有任何问题。几乎每次倒过来它都可以激活前置相机，从这点上来说，「极速启动、最方便快捷」是配得上的。</p>\r\n\r\n<p>但它还有一个问题，就是可能带来的误启动；其实在算法上，锤子应该已经把这个功能的识别条件调节得不那么容易触发了，只有你刻意将整个机身 180 度倒过来之后，它才会激活前置相机。随意转转手机它是不会启动的，在使用全屏应用，例如玩游戏或者看视频时，它也会被禁用。</p>\r\n\r\n<p>只是，凡事都有例外；毕竟这还是一个靠软件算法实现的功能，总会有识别有所偏差的状况发生。比如说，我躺在床上摆弄手机时就有过突然被激活的情况，以及有那么一两次，它也在我没有明显倒置的时候被触发了。</p>\r\n\r\n<p>所以，如果你不是「自拍狂人」，又特别在意这种「意外情况」，那么我建议选择不启用。</p>\r\n\r\n<p><img alt=\"\" src=\"https://cdn.sspai.com/2018/04/19/1177dec260000024ec52045b23ae4801.png?imageView2/2/w/1120/q/90/interlace/1/ignore-error/1\" style=\"width:300px\" /></p>\r\n\r\n<p>前置相机还提供了一个「始终翻转」的选项（见上图），不想每次自拍时都会先看到自己的大鼻孔的话，那还是把它开启为好。</p>\r\n\r\n<p>虽然前置相机只有单摄，但坚果 3 也支持自拍时的人像背景虚化功能，实测的效果，感觉单摄能做到这样的水平，还是很不错的。</p>\r\n\r\n<p><img alt=\"\" src=\"https://cdn.sspai.com/2018/04/19/79effce2476ee4b7325de033d831a9ad.jpg?imageView2/2/w/1120/q/90/interlace/1/ignore-error/1\" style=\"width:600px\" /></p>\r\n\r\n<p>当然，现在的前置摄像头也不仅仅是拿来自拍而已了；比如说，Android 上大部分的人脸识别功能都需要用到它。摄像头放在这个位置，会对人脸识别有影响吗？</p>\r\n\r\n<p>这个方面，影响是有一点的。录入面部时时建议尽量稍微抬一下头，平常使用的时候，有时也得稍微低一下头或是往上抬一点手机，否则它很容易「看」不到你的脸。</p>\r\n\r\n<p>我派作者 WATERS 还提供了一个有点意思的问题：<strong>在边微信视频聊天边和别人打字的时候，摄像头的位置会不会被遮挡？</strong></p>\r\n\r\n<p>经过实测，在使用坚果 3 进行视频聊天时，如果将视频切换至小窗并同时用文字回复别人，有时候对面的确会看到你的拇指出现在视频的画面之中。</p>\r\n\r\n<p><img alt=\"\" src=\"https://cdn.sspai.com/2018/04/19/17c63a8095be7d76c03028713e5dc193.png?imageView2/2/w/1120/q/90/interlace/1/ignore-error/1\" /></p>\r\n\r\n<p>视频通话能不能像自拍的时候一样，倒过来使用呢？答案是，在前台进行视频聊天时，可以；但将视频聊天切换到后台小窗后，系统界面是不会倒过来的，即使打开了「自动旋转」的开关也不会。</p>\r\n\r\n<p>所以，还是希望锤子能够考虑到这样的使用场景。现在的话，只好「专心致志」地和别人视频了。</p>\r\n\r\n<h2>续航：「强悍到令人绝望」的超长表现</h2>\r\n\r\n<p>我曾经在微博上表示，坚果 3 是一台「我用到想吐，都没见到电量跌下 10% 的手机」。</p>\r\n\r\n<p>没错，要说我对坚果 3 印象最深刻的部分，恐怕就得是续航了。</p>\r\n\r\n<p>某天，我在下午 2:30 分左右拔下了充电器，从满电用到了第二天凌晨 1:46 分，这时候剩余电量显示为 20%。</p>\r\n\r\n<p><img alt=\"\" src=\"https://cdn.sspai.com/2018/04/19/f6d58405b65d5244f490c375354894bf.png?imageView2/2/w/1120/q/90/interlace/1/ignore-error/1\" style=\"width:300px\" /></p>\r\n\r\n<p>在这期间，我干了以下的事情：</p>\r\n\r\n<ul>\r\n	<li>待机</li>\r\n	<li>浏览网页</li>\r\n	<li>刷微博</li>\r\n	<li>连接耳机听歌</li>\r\n	<li>拍了几十张样张</li>\r\n	<li>聊天</li>\r\n	<li>看了会新闻</li>\r\n	<li>使用了各种应用</li>\r\n	<li>玩了会《我的世界》等游戏</li>\r\n	<li>外放看了二十来分钟 B 站视频<em>（在家）</em></li>\r\n	<li>和朋友又吃了会儿鸡......</li>\r\n</ul>\r\n\r\n<p>在经过了可以说是高强度的使用之后，系统居然告诉我，还能再用三小时？这样的续航成绩不得不说，实在是非常强悍了。</p>\r\n\r\n<p>此外，坚果 3 支持 QC 3.0 18W 快充，随机赠送快充电源适配器。在使用官方线 + 官方充电器充电五分钟后，系统显示电量涨到了 28%，这样的效率，打上两小时电话应该不是问题了。</p>\r\n\r\n<p><img alt=\"\" src=\"https://cdn.sspai.com/2018/04/19/9247fa8c4944e313bdae1cbcac868ae5.png?imageView2/2/w/1120/q/90/interlace/1/ignore-error/1\" style=\"width:300px\" /></p>\r\n\r\n<p>根据@请不要叫我测评君 的测试数据，坚果 3 充电 30 分钟能充入 41%，完全充满耗时一小时 42 分钟。考虑到这是一块 4000mAh 的大电池，这样的速度应该说还是令人十分满意的；而且，我也不认为你会经常遇到电量全部用光的情况。</p>\r\n\r\n<p>总结：购买千元机，请认清你的需求</p>\r\n\r\n<p>在 1299 元的售价发布之后，有些人觉得这个价格「太贵了」。其实我一开始也是这么觉得的，在看完硬件配置部分后，我以为老罗会定个 999 起的价格「大杀四方」，但实际定价和我的预想之间，还是有着一定差距的。</p>\r\n\r\n<p>不过，会后我突然有点好奇，坚果 3 的这个定价，真的很「贵」么？我列出了一张坚果 3 与同价位其他竞争品牌产品（1299 元）的对比列表，想要从它的对手中找到答案。</p>\r\n\r\n<p><img alt=\"\" src=\"https://cdn.sspai.com/2018/04/19/55d67f68fd304eee497fb092d8a8bd7f.png?imageView2/2/w/1120/q/90/interlace/1/ignore-error/1\" /></p>\r\n\r\n<p>结果可能有些意外，但事实证明，坚果 3 与同价位产品，只能说是互有高下。虽然大家都在吐槽骁龙 625，但其实这个价位上大部分用的也都是这个性能档次的芯片。而且坚果 3 在摄像、待机与接口等方面，都有着一定的优势。</p>\r\n\r\n<p>「有多少钱，办多大事」是一个恒久不变的真理，千元机也是一样。在一部分地方非常出众的机器，注定要在另一块遇到短板。想要理论上最高的性价比，就得牺牲外观；想要好看的「颜值」，就得接受平庸的硬件配置。</p>\r\n\r\n<p>在这个价位上，真正的「水桶机」是不存在的；与其死盯着干巴巴的某个硬件反复纠结，不如仔细想想，你想要的究竟是什么？</p>\r\n\r\n<p>如果你在乎颜值、续航，或者和我一样认为「这年头，没 Type-C 就落伍了」，那么坚果 3 是一个不错的选择。</p>\r\n\r\n<p>如果你十分在意绝对的硬件性能，认为「625 根本不能用」，那很抱歉，坚果 3 应该无法满足你。</p>\r\n\r\n<p>如果你已经有一台 iPhone 或是其他旗舰作为主力机，想找台机器备用；坚果 3 也非常值得购买。毕竟，它不但本身续航好，还能通过 OTG 功能给别的设备供电，应急时可以「奶」你的设备一口。</p>\r\n\r\n<p><img alt=\"\" src=\"https://cdn.sspai.com/2018/04/23/f267e1f48225478bbb3ba672bfedfbd6.jpg?imageView2/2/w/1120/q/90/interlace/1/ignore-error/1\" /></p>\r\n\r\n<p><strong>在我看来，锤子科技对坚果 3 的目标很明确：「全面屏、有设计感与长续航」。</strong></p>\r\n\r\n<p>工业设计依旧可圈可点，「三面无边框」全面屏视觉效果出色，4000mAh 大电池的续航表现一骑绝尘。</p>\r\n\r\n<p>比起锤子科技之前的产品，坚果 3 可能少了一些惊喜，但靠着「三面无边框」全面屏和超长续航，坚果 3 依旧是一台具有竞争力的千元机。</p>\r\n', '33', null, null);
INSERT INTO essayinfo VALUES ('44', 'iPhone 11 体验：一台适合大多数人的「标准款」iPhone', '6', '1', '2020-06-14 11:58:18', '0', '../PhoneMark_images/de3bc59e-92a7-48b1-876e-44d1858cde86e36848f8-f086-7f9d-59de-000c98583956.jpg', '<p>在 2019 年 9 月 11 日凌晨的苹果发布会上，我们「毫无意外」地迎来了 iPhone 11 和 iPhone 11 Pro 系列的发布。「毫无意外」更大程度上指的是新款 iPhone 本身没有太多惊喜，因为在发布会之前我们已经通过各个媒体渠道的 <a href=\"https://www.bloomberg.com/news/articles/2019-08-22/iphone-11-new-ipad-pro-16-inch-macbook-pro-airpods-3-features\">前瞻</a> 获知了关于今年新款 iPhone 绝大多数的信息。不过，当 iPhone 11 公布它 699 美元（5499 人民币）的起售价格时，注定它将抢走今年新款 iPhone 最大的风头。</p>\r\n\r\n<p>虽然苹果从来都不会公布官方的 iPhone 各型号销售数据，但是从国内各家电商平台的 <a href=\"http://www.xn--inhuanet-nwa.com/fortune/2019-09/19/c_1125012572.htm\">首日预售数据</a> 来看，今年的 iPhone 11 预约量较去年的 iPhone XR 平均增长了 300% 以上，这足以说明 iPhone 11 的火爆程度。</p>\r\n\r\n<p>当然，不是所有人都会抢着去买第一批 iPhone，我相信很多人都处于观望的状态，有可能是没想好今年换不换新 iPhone，也有可能是在 iPhone 11 和 iPhone 11 Pro 之间犹豫。我拿到手上这台 iPhone 11（白色，256G）大概有一周的时间了，在经过一周的深度使用后来和大家详细地聊聊这款产品，希望能给有意购买的读者一些参考。</p>\r\n\r\n<h2>产品定位</h2>\r\n\r\n<p>从去年的 iPhone XR 到今年的 iPhone 11，产品本身的变化不大，属于一次常规的升级，但是这款 iPhone 的命名方式却发生了很大的变化。熟悉历代 iPhone 的读者应该知道，单纯以数字命名的 iPhone 都会是当年的主打款式，从 iPhone 4 到 iPhone 8，无一例外。而像 iPhone 5C、iPhone SE、iPhone XR 这些带有「一次性」后缀的款式，都意味着是非主打款式 iPhone。这次 iPhone XR 升级为 iPhone 11，也用上了纯数字命名，无疑透漏了苹果想把 iPhone 11 作为主打款式卖给绝大多数用户的意图，也从侧面印证苹果承认了去年错误的产品策略。</p>\r\n\r\n<p>去年 iPhone XR 的首发价格为 6499 人民币，作为一款非旗舰款式 iPhone 真的有点贵，直到拼多多等平台第一波补贴到 5400 元左右时才有很多人下手购买。好在苹果也意识到了这个问题，虽然面临汇率波动和关税上涨等多个问题，但是依旧选择了将 iPhone 11 的起售价格下调了 1000 人民币。如果我们来回顾一下往年 iPhone 国行的起售价格，会发现 5499 人民币这个价格其实非常有意思，因为它已经处于往年主打款式的起售价格的区间之内。</p>\r\n\r\n<p><img alt=\"\" src=\"https://cdn.sspai.com/20190927101829.png?imageView2/2/w/1120/q/90/interlace/1/ignore-error/1\" style=\"width:620px\" /></p>\r\n\r\n<p>所以，无论是从命名方式还是定价水平来说，iPhone 11 毫无疑问是今年苹果寄予厚望的主打款式，苹果希望绝大多数用户去购买这一款 iPhone 11，而不是面向专业用户、更高售价的 iPhone 11 Pro 系列。</p>\r\n\r\n<h2>拍摄能力</h2>\r\n\r\n<p>在发布会上，苹果展示了全新三摄系统带来的超强拍摄能力，但也给不少的潜在购机用户带来了一个困惑：我是不是只有买了三摄的 iPhone 11 Pro 系列，才能拥有如此强大的拍摄功能？如果我买的是 iPhone 11，那么拍出来的照片是不是不如 iPhone 11 Pro 系列来得好？</p>\r\n\r\n<p>带着同样的疑问，我拿着 iPhone 11 和 iPhone 11 Pro 在深圳的各个地方进行了一天的对比拍摄，最后选取了一些具有代表性的样张来展示，希望能消除大家的疑惑。</p>\r\n\r\n<p>首先来看日间拍摄的样张，我分别使用 iPhone 11 和 iPhone 11 Pro 拍摄了深圳大学的一隅，两台手机都只调用了主摄像头，也就是广角镜头。从下面的样张整片和局部对比中可以看到，iPhone 11 Pro 和 iPhone 11 的成像效果几乎没有差别。</p>\r\n\r\n<p><img alt=\"\" src=\"https://cdn.sspai.com/2019/09/27/b18f645b43514add233a877109da8aad.jpg?imageView2/2/w/1120/q/90/interlace/1/ignore-error/1\" /></p>\r\n\r\n<p><img alt=\"\" src=\"https://cdn.sspai.com/2019/09/27/8c1211d604fca1e075a606478699c9ff.jpg?imageView2/2/w/1120/q/90/interlace/1/ignore-error/1\" /></p>\r\n\r\n<p><img alt=\"\" src=\"https://cdn.sspai.com/20190927102015.png?imageView2/2/w/1120/q/90/interlace/1/ignore-error/1\" style=\"width:620px\" /></p>\r\n\r\n<p>走到一个空旷的广场后，我将 iPhone 11 和 iPhone 11 Pro 都切换到 0.5× 变焦，这时候两台手机都调用了新增的超广角镜头，从下面的样张整片和局部对比中可以看到，iPhone 11 Pro 和 iPhone 11 的成像效果再次打了一个平手。如果你仔细观察局部放大的照片，可以看到相片的边缘出现了相同程度的畸变、掉色、紫边等情况，这在新款 iPhone 使用超广角镜头拍摄的情况下频繁出现，所以你也无法得出孰优孰劣的结论。</p>\r\n\r\n<p><img alt=\"\" src=\"https://cdn.sspai.com/2019/09/27/10c44f6f6284d12785a48f409d952ee9.jpg?imageView2/2/w/1120/q/90/interlace/1/ignore-error/1\" /></p>\r\n\r\n<p><img alt=\"\" src=\"https://cdn.sspai.com/2019/09/27/b006978be9e0649c812969f88b282ff3.jpg?imageView2/2/w/1120/q/90/interlace/1/ignore-error/1\" /></p>\r\n\r\n<p><img alt=\"\" src=\"https://cdn.sspai.com/20190927103555.png?imageView2/2/w/1120/q/90/interlace/1/ignore-error/1\" style=\"width:620px\" /></p>\r\n\r\n<p>晚上我来到深圳湾附近，继续测试 iPhone 11 和 iPhone 11 Pro 在夜间的拍摄能力。今年苹果新推出了夜间模式，但是不可用于超广角镜头，而 iPhone 11 Pro 系列多出来的那一颗长焦镜头也可以在 2× 及以上变焦的时候启用夜间模式。</p>\r\n\r\n<p>第一组对比，我让 iPhone 11 和 iPhone 11 Pro 都只调用广角镜头（主摄像头），在深圳湾边成功触发了 iPhone 的自动夜景模式。在手持情况下，iPhone 11 和 iPhone 11 Pro 都进行了 2 秒钟的曝光，最后生成了如下的两张样张。从下面的样张整片和局部对比中可以看到，iPhone 11 Pro 和 iPhone 11 在触发夜景模式下的成像效果十分接近，不管是画面亮度还是噪点控制都处于同一水准。</p>\r\n', '34', null, null);
INSERT INTO essayinfo VALUES ('47', '存储器', '3', '1', '2020-06-14 13:48:17', '0', '../PhoneMark_images/d5ffa975-6b14-4847-8f3b-ff42153f9487ACU_Wallpaper_Portrait.jpg', '<p>ddd ssd</p>\r\n', '28', null, null);
INSERT INTO essayinfo VALUES ('48', '冲冲冲', '6', '1', '2020-06-14 14:11:35', '0', '../PhoneMark_images/5eca6498-38fb-4535-82ea-b5d72a7e9eaftouxiang.jpg', '<p>在 2019 年 9 月 11 日凌晨的苹果发布会上，我们「毫无意外」地迎来了 iPhone 11 和 iPhone 11 Pro 系列的发布。「毫无意外」更大程度上指的是新款 iPhone 本身没有太多惊喜，因为在发布会之前我们已经通过各个媒体渠道的 <a href=\"https://www.bloomberg.com/news/articles/2019-08-22/iphone-11-new-ipad-pro-16-inch-macbook-pro-airpods-3-features\">前瞻</a> 获知了关于今年新款 iPhone 绝大多数的信息。不过，当 iPhone 11 公布它 699 美元（5499 人民币）的起售价格时，注定它将抢走今年新款 iPhone 最大的风头。</p>\r\n\r\n<p>虽然苹果从来都不会公布官方的 iPhone 各型号销售数据，但是从国内各家电商平台的 <a href=\"http://www.xn--inhuanet-nwa.com/fortune/2019-09/19/c_1125012572.htm\">首日预售数据</a> 来看，今年的 iPhone 11 预约量较去年的 iPhone XR 平均增长了 300% 以上，这足以说明 iPhone 11 的火爆程度。</p>\r\n\r\n<p>当然，不是所有人都会抢着去买第一批 iPhone，我相信很多人都处于观望的状态，有可能是没想好今年换不换新 iPhone，也有可能是在 iPhone 11 和 iPhone 11 Pro 之间犹豫。我拿到手上这台 iPhone 11（白色，256G）大概有一周的时间了，在经过一周的深度使用后来和大家详细地聊聊这款产品，希望能给有意购买的读者一些参考。</p>\r\n\r\n<h2>产品定位</h2>\r\n\r\n<p>从去年的 iPhone XR 到今年的 iPhone 11，产品本身的变化不大，属于一次常规的升级，但是这款 iPhone 的命名方式却发生了很大的变化。熟悉历代 iPhone 的读者应该知道，单纯以数字命名的 iPhone 都会是当年的主打款式，从 iPhone 4 到 iPhone 8，无一例外。而像 iPhone 5C、iPhone SE、iPhone XR 这些带有「一次性」后缀的款式，都意味着是非主打款式 iPhone。这次 iPhone XR 升级为 iPhone 11，也用上了纯数字命名，无疑透漏了苹果想把 iPhone 11 作为主打款式卖给绝大多数用户的意图，也从侧面印证苹果承认了去年错误的产品策略。</p>\r\n\r\n<p>去年 iPhone XR 的首发价格为 6499 人民币，作为一款非旗舰款式 iPhone 真的有点贵，直到拼多多等平台第一波补贴到 5400 元左右时才有很多人下手购买。好在苹果也意识到了这个问题，虽然面临汇率波动和关税上涨等多个问题，但是依旧选择了将 iPhone 11 的起售价格下调了 1000 人民币。如果我们来回顾一下往年 iPhone 国行的起售价格，会发现 5499 人民币这个价格其实非常有意思，因为它已经处于往年主打款式的起售价格的区间之内。</p>\r\n\r\n<p><img alt=\"\" src=\"https://cdn.sspai.com/20190927101829.png?imageView2/2/w/1120/q/90/interlace/1/ignore-error/1\" style=\"width:620px\" /></p>\r\n\r\n<p>所以，无论是从命名方式还是定价水平来说，iPhone 11 毫无疑问是今年苹果寄予厚望的主打款式，苹果希望绝大多数用户去购买这一款 iPhone 11，而不是面向专业用户、更高售价的 iPhone 11 Pro 系列。</p>\r\n', '24', null, null);
INSERT INTO essayinfo VALUES ('49', 'ios测试', '6', '1', '2020-06-14 15:07:31', '0', '../PhoneMark_images/c486c4f6-7ce5-492a-af0c-4aa0cf2ae6afe36848f8-f086-7f9d-59de-000c98583956.jpg', '<p>在 2019 年 9 月 11 日凌晨的苹果发布会上，我们「毫无意外」地迎来了 iPhone 11 和 iPhone 11 Pro 系列的发布。「毫无意外」更大程度上指的是新款 iPhone 本身没有太多惊喜，因为在发布会之前我们已经通过各个媒体渠道的 <a href=\"https://www.bloomberg.com/news/articles/2019-08-22/iphone-11-new-ipad-pro-16-inch-macbook-pro-airpods-3-features\">前瞻</a> 获知了关于今年新款 iPhone 绝大多数的信息。不过，当 iPhone 11 公布它 699 美元（5499 人民币）的起售价格时，注定它将抢走今年新款 iPhone 最大的风头。</p>\r\n\r\n<p>虽然苹果从来都不会公布官方的 iPhone 各型号销售数据，但是从国内各家电商平台的 <a href=\"http://www.xn--inhuanet-nwa.com/fortune/2019-09/19/c_1125012572.htm\">首日预售数据</a> 来看，今年的 iPhone 11 预约量较去年的 iPhone XR 平均增长了 300% 以上，这足以说明 iPhone 11 的火爆程度。</p>\r\n\r\n<p>当然，不是所有人都会抢着去买第一批 iPhone，我相信很多人都处于观望的状态，有可能是没想好今年换不换新 iPhone，也有可能是在 iPhone 11 和 iPhone 11 Pro 之间犹豫。我拿到手上这台 iPhone 11（白色，256G）大概有一周的时间了，在经过一周的深度使用后来和大家详细地聊聊这款产品，希望能给有意购买的读者一些参考。</p>\r\n\r\n<h2>产品定位</h2>\r\n\r\n<p>从去年的 iPhone XR 到今年的 iPhone 11，产品本身的变化不大，属于一次常规的升级，但是这款 iPhone 的命名方式却发生了很大的变化。熟悉历代 iPhone 的读者应该知道，单纯以数字命名的 iPhone 都会是当年的主打款式，从 iPhone 4 到 iPhone 8，无一例外。而像 iPhone 5C、iPhone SE、iPhone XR 这些带有「一次性」后缀的款式，都意味着是非主打款式 iPhone。这次 iPhone XR 升级为 iPhone 11，也用上了纯数字命名，无疑透漏了苹果想把 iPhone 11 作为主打款式卖给绝大多数用户的意图，也从侧面印证苹果承认了去年错误的产品策略。</p>\r\n\r\n<p>去年 iPhone XR 的首发价格为 6499 人民币，作为一款非旗舰款式 iPhone 真的有点贵，直到拼多多等平台第一波补贴到 5400 元左右时才有很多人下手购买。好在苹果也意识到了这个问题，虽然面临汇率波动和关税上涨等多个问题，但是依旧选择了将 iPhone 11 的起售价格下调了 1000 人民币。如果我们来回顾一下往年 iPhone 国行的起售价格，会发现 5499 人民币这个价格其实非常有意思，因为它已经处于往年主打款式的起售价格的区间之内。</p>\r\n\r\n<p><img alt=\"\" src=\"https://cdn.sspai.com/20190927101829.png?imageView2/2/w/1120/q/90/interlace/1/ignore-error/1\" style=\"width:620px\" /></p>\r\n\r\n<p>所以，无论是从命名方式还是定价水平来说，iPhone 11 毫无疑问是今年苹果寄予厚望的主打款式，苹果希望绝大多数用户去购买这一款 iPhone 11，而不是面向专业用户、更高售价的 iPhone 11 Pro 系列。</p>\r\n', '35', null, null);
INSERT INTO essayinfo VALUES ('53', '测试文章5', '6', '1', '2020-06-22 19:54:36', '0', '../PhoneMark_images/0e27e37d-3f72-4fa4-bbe5-2a755ef190f7touxiang.jpg', '<p>冲</p>\r\n', '24', null, null);
INSERT INTO essayinfo VALUES ('54', '微服务文章测试', '1', '1', '2020-12-08 21:32:43', '0', 'D://steam', '就这', '2', null, null);
INSERT INTO essayinfo VALUES ('55', '微服务文章测试', '1', '1', '2020-12-08 21:36:06', '0', 'D://steam', '就这', '2', null, null);

-- ----------------------------
-- Table structure for `essaytype`
-- ----------------------------
DROP TABLE IF EXISTS `essaytype`;
CREATE TABLE `essaytype` (
  `tno` int(11) NOT NULL AUTO_INCREMENT,
  `typedesc` varchar(255) COLLATE utf8_bin DEFAULT NULL,
  `tname` varchar(100) COLLATE utf8_bin DEFAULT NULL,
  `eno` int(11) DEFAULT NULL,
  `spare1` varchar(255) COLLATE utf8_bin DEFAULT NULL COMMENT '文章图片',
  `spare2` varchar(255) COLLATE utf8_bin DEFAULT NULL,
  PRIMARY KEY (`tno`)
) ENGINE=InnoDB AUTO_INCREMENT=38 DEFAULT CHARSET=utf8 COLLATE=utf8_bin;

-- ----------------------------
-- Records of essaytype
-- ----------------------------
INSERT INTO essaytype VALUES ('1', 'Android、iOS……哪一个系统是你的菜？', '系统', null, null, '请勿');
INSERT INTO essaytype VALUES ('2', '轻体验、体会初见之美', '体验', null, null, null);
INSERT INTO essaytype VALUES ('3', '做产品最好的搭档', '配件', null, null, null);
INSERT INTO essaytype VALUES ('4', '产品详细体验，全方位了解产品', '详测', null, null, null);
INSERT INTO essaytype VALUES ('5', 'iOS系统', '苹果', null, null, null);
INSERT INTO essaytype VALUES ('6', 'Android', 'vivo', null, null, null);
INSERT INTO essaytype VALUES ('10', '华为', '华为', null, null, null);
INSERT INTO essaytype VALUES ('15', '暂无描述', '华为2', null, null, null);
INSERT INTO essaytype VALUES ('16', '暂无描述', '华为3', null, null, null);
INSERT INTO essaytype VALUES ('17', '暂无描述', '华为4', null, null, null);
INSERT INTO essaytype VALUES ('21', '暂无描述', '微软', null, null, null);
INSERT INTO essaytype VALUES ('23', '暂无描述', ' 呜呜呜', null, null, null);
INSERT INTO essaytype VALUES ('24', '暂无描述', '测试', null, null, null);
INSERT INTO essaytype VALUES ('25', '暂无描述', 'vue', null, null, null);
INSERT INTO essaytype VALUES ('26', '追求源于热爱', '魅族', null, null, null);
INSERT INTO essaytype VALUES ('27', '暂无描述', 'iqqo', null, null, null);
INSERT INTO essaytype VALUES ('28', '暂无描述', 'oppo', null, null, null);
INSERT INTO essaytype VALUES ('29', '暂无描述', '小米', null, null, null);
INSERT INTO essaytype VALUES ('30', '暂无描述', '三星', null, null, null);
INSERT INTO essaytype VALUES ('32', '暂无描述', '一加', null, null, null);
INSERT INTO essaytype VALUES ('33', '暂无描述', '坚果', null, null, null);
INSERT INTO essaytype VALUES ('34', '暂无描述', 'iphone', null, null, null);
INSERT INTO essaytype VALUES ('35', '暂无描述', 'ios', null, null, null);
INSERT INTO essaytype VALUES ('36', '暂无描述', '游戏', null, null, null);
INSERT INTO essaytype VALUES ('37', '暂无描述', '', null, null, null);

-- ----------------------------
-- Table structure for `followinfo`
-- ----------------------------
DROP TABLE IF EXISTS `followinfo`;
CREATE TABLE `followinfo` (
  `fno` int(11) NOT NULL AUTO_INCREMENT,
  `mno` int(11) DEFAULT NULL,
  `bno` int(11) DEFAULT NULL,
  `showid` int(11) DEFAULT '0',
  `status` int(11) DEFAULT '1',
  PRIMARY KEY (`fno`)
) ENGINE=InnoDB AUTO_INCREMENT=43 DEFAULT CHARSET=utf8 COLLATE=utf8_bin;

-- ----------------------------
-- Records of followinfo
-- ----------------------------
INSERT INTO followinfo VALUES ('2', '3', '1', '0', '2');
INSERT INTO followinfo VALUES ('3', '1', '4', '0', '1');
INSERT INTO followinfo VALUES ('5', '2', '3', '0', '2');
INSERT INTO followinfo VALUES ('6', '6', '1', '0', '2');
INSERT INTO followinfo VALUES ('7', '8', '1', '0', '2');
INSERT INTO followinfo VALUES ('8', '2', '9', '0', '1');
INSERT INTO followinfo VALUES ('9', '2', '10', '0', '2');
INSERT INTO followinfo VALUES ('10', '2', '3', '0', '1');
INSERT INTO followinfo VALUES ('11', '2', '4', '0', '2');
INSERT INTO followinfo VALUES ('30', '1', '2', '0', '1');
INSERT INTO followinfo VALUES ('31', '1', '10', '0', '1');
INSERT INTO followinfo VALUES ('32', '10', '16', '0', '1');
INSERT INTO followinfo VALUES ('38', '6', '3', '0', '1');
INSERT INTO followinfo VALUES ('39', '6', '4', '0', '1');
INSERT INTO followinfo VALUES ('40', '6', '10', '0', '1');
INSERT INTO followinfo VALUES ('41', '6', '7', '0', '1');
INSERT INTO followinfo VALUES ('42', '18', '6', '0', '2');

-- ----------------------------
-- Table structure for `heatinfo`
-- ----------------------------
DROP TABLE IF EXISTS `heatinfo`;
CREATE TABLE `heatinfo` (
  `heatno` int(11) NOT NULL AUTO_INCREMENT,
  `eno` int(11) NOT NULL,
  `cno` int(11) NOT NULL,
  `mno` int(11) NOT NULL,
  PRIMARY KEY (`heatno`)
) ENGINE=InnoDB AUTO_INCREMENT=47 DEFAULT CHARSET=utf8 COLLATE=utf8_bin;

-- ----------------------------
-- Records of heatinfo
-- ----------------------------
INSERT INTO heatinfo VALUES ('3', '18', '14', '3');
INSERT INTO heatinfo VALUES ('5', '18', '12', '3');
INSERT INTO heatinfo VALUES ('7', '18', '12', '2');
INSERT INTO heatinfo VALUES ('8', '18', '12', '4');
INSERT INTO heatinfo VALUES ('9', '18', '12', '6');
INSERT INTO heatinfo VALUES ('12', '2', '2', '8');
INSERT INTO heatinfo VALUES ('13', '2', '2', '7');
INSERT INTO heatinfo VALUES ('14', '18', '6', '7');
INSERT INTO heatinfo VALUES ('15', '18', '7', '7');
INSERT INTO heatinfo VALUES ('16', '18', '8', '7');
INSERT INTO heatinfo VALUES ('17', '18', '8', '8');
INSERT INTO heatinfo VALUES ('29', '18', '4', '7');
INSERT INTO heatinfo VALUES ('39', '18', '25', '7');
INSERT INTO heatinfo VALUES ('40', '18', '26', '7');
INSERT INTO heatinfo VALUES ('42', '18', '10', '3');
INSERT INTO heatinfo VALUES ('43', '42', '35', '3');
INSERT INTO heatinfo VALUES ('44', '42', '36', '3');

-- ----------------------------
-- Table structure for `memberinfo`
-- ----------------------------
DROP TABLE IF EXISTS `memberinfo`;
CREATE TABLE `memberinfo` (
  `mno` int(11) NOT NULL AUTO_INCREMENT,
  `nickName` varchar(100) COLLATE utf8_bin NOT NULL,
  `msex` varchar(255) COLLATE utf8_bin DEFAULT NULL,
  `pwd` varchar(100) COLLATE utf8_bin NOT NULL,
  `tel` varchar(15) COLLATE utf8_bin DEFAULT NULL,
  `email` varchar(100) COLLATE utf8_bin NOT NULL,
  `status` int(11) DEFAULT NULL,
  `mpic` varchar(100) COLLATE utf8_bin DEFAULT NULL,
  `msign` varchar(255) COLLATE utf8_bin DEFAULT NULL,
  `messaynums` int(11) DEFAULT NULL,
  `spare1` date DEFAULT NULL,
  `eno` int(11) DEFAULT NULL,
  `fno` int(11) DEFAULT NULL,
  `cno` int(11) DEFAULT NULL,
  `spare2` varchar(255) COLLATE utf8_bin DEFAULT NULL,
  PRIMARY KEY (`mno`),
  KEY `FK_essayinfo_eno` (`eno`),
  KEY `FK_commentinfo_cno` (`cno`),
  KEY `FK_followinfo_fno` (`fno`),
  CONSTRAINT `FK_essayinfo_eno` FOREIGN KEY (`eno`) REFERENCES `essayinfo` (`eno`),
  CONSTRAINT `FK_followinfo_fno` FOREIGN KEY (`fno`) REFERENCES `followinfo` (`fno`)
) ENGINE=InnoDB AUTO_INCREMENT=21 DEFAULT CHARSET=utf8 COLLATE=utf8_bin;

-- ----------------------------
-- Records of memberinfo
-- ----------------------------
INSERT INTO memberinfo VALUES ('1', '达瓦达', '男', '0cc175b9c0f1b6a831c399e269772661', '18888888888', '88888888@qq.com', '2', '../PhoneMark_images/262bb366-3e83-4c85-ad37-82f54148d051imgQCEG30ZA.jpg', '单独', '1', '2020-06-04', '1', null, '1', null);
INSERT INTO memberinfo VALUES ('2', '狗峰七号', '男', '0cc175b9c0f1b6a831c399e269772661', '15111111111', '203@qq.com', '1', '../PhoneMark_images/262bb366-3e83-4c85-ad37-82f54148d051imgQCEG30ZA.jpg', '为中华之崛起而读书', '4', '2020-06-07', '1', null, '1', null);
INSERT INTO memberinfo VALUES ('3', 'a', '女', '0cc175b9c0f1b6a831c399e269772661', '18173067573', '9595959@qq.com', '1', '../PhoneMark_images/8fbb72bd-c0a9-4112-b5b2-b8b02af177c0bh307.png', '叫iii', '2', '2020-06-11', null, null, null, null);
INSERT INTO memberinfo VALUES ('4', 'b', '女', '0cc175b9c0f1b6a831c399e269772661', '18156563232', '32328585@qq.com', '1', '../PhoneMark_images/262bb366-3e83-4c85-ad37-82f54148d051imgQCEG30ZA.jpg', '为中华之崛起而读书', '0', '2020-06-11', null, null, null, null);
INSERT INTO memberinfo VALUES ('6', 'harswlgb', '男', '0cc175b9c0f1b6a831c399e269772661', '13544852486', '995711254@qq.com', '1', '../PhoneMark_images/db170eae-7031-4d99-9a52-fa7f814624f6QQ图片20200917200126.jpg', 'ios爱好者', '0', '2020-06-07', null, null, null, null);
INSERT INTO memberinfo VALUES ('7', '测试专用号', '男', '0cc175b9c0f1b6a831c399e269772661', '未绑定', '125588421@qq.com', '1', '../PhoneMark_images/262bb366-3e83-4c85-ad37-82f54148d051imgQCEG30ZA.jpg', '这个人很懒什么也没有留下', '1', '2020-06-07', null, null, null, null);
INSERT INTO memberinfo VALUES ('8', 'aa', '男', '0cc175b9c0f1b6a831c399e269772661', '未绑定', '991122357@qq.com', '1', '../PhoneMark_images/262bb366-3e83-4c85-ad37-82f54148d051imgQCEG30ZA.jpg', '这个人很懒什么也没有留下', '0', '2020-06-08', null, null, null, null);
INSERT INTO memberinfo VALUES ('9', '文章', '男', '0cc175b9c0f1b6a831c399e269772661', '未绑定', '323232656@qq.com', '1', '../PhoneMark_images/262bb366-3e83-4c85-ad37-82f54148d051imgQCEG30ZA.jpg', '这个人很懒什么也没有留下', '0', '2020-06-08', null, null, null, null);
INSERT INTO memberinfo VALUES ('10', 'song', '男', '0cc175b9c0f1b6a831c399e269772661', '15116798505', '1647478489@qq.com', '1', '../PhoneMark_images/262bb366-3e83-4c85-ad37-82f54148d051imgQCEG30ZA.jpg', '这个人很帅，不得了的那种帅', '0', '2020-06-11', null, null, null, null);
INSERT INTO memberinfo VALUES ('11', '飞翔的蛇', '男', '0cc175b9c0f1b6a831c399e269772661', '未绑定', '8877234@qq.com', '1', '../PhoneMark_images/262bb366-3e83-4c85-ad37-82f54148d051imgQCEG30ZA.jpg', '这个人很懒什么也没有留下', '0', '2020-06-12', null, null, null, null);
INSERT INTO memberinfo VALUES ('12', '华为爱好者', '男', '0cc175b9c0f1b6a831c399e269772661', '未绑定', '99573888@qq.com', '1', '../PhoneMark_images/262bb366-3e83-4c85-ad37-82f54148d051imgQCEG30ZA.jpg', '这个人很懒什么也没有留下', '0', '2020-06-13', null, null, null, null);
INSERT INTO memberinfo VALUES ('13', '我爱oppo', '男', '0cc175b9c0f1b6a831c399e269772661', '未绑定', '123765229@qq.com', '1', '../PhoneMark_images/262bb366-3e83-4c85-ad37-82f54148d051imgQCEG30ZA.jpg', '这个人很懒什么也没有留下', '0', '2020-06-13', null, null, null, null);
INSERT INTO memberinfo VALUES ('14', '小米冲呀', '男', '0cc175b9c0f1b6a831c399e269772661', '未绑定', '8876252122@qq.com', '1', '../PhoneMark_images/262bb366-3e83-4c85-ad37-82f54148d051imgQCEG30ZA.jpg', '这个人很懒什么也没有留下', '0', '2020-06-13', null, null, null, null);
INSERT INTO memberinfo VALUES ('15', 'samsung', '男', '0cc175b9c0f1b6a831c399e269772661', '未绑定', '77542112@qq.com', '1', 'img_all.png', '这个人很懒什么也没有留下', '0', '2020-06-13', null, null, null, null);
INSERT INTO memberinfo VALUES ('16', '加一课代表', '男', '0cc175b9c0f1b6a831c399e269772661', '未绑定', '887722211@qq.com', '1', 'img_all.png', '这个人很懒什么也没有留下', '0', '2020-06-13', null, null, null, null);
INSERT INTO memberinfo VALUES ('17', '问就是坚果', '男', '0cc175b9c0f1b6a831c399e269772661', '未绑定', '251182722@qq.com', '1', 'img_all.png', '这个人很懒什么也没有留下', '0', '2020-06-13', null, null, null, null);
INSERT INTO memberinfo VALUES ('18', 'yjc', '男', '47bce5c74f589f4867dbd57e9ca9f808', '未绑定', 'a', '1', 'img_all.png', '这个人很懒什么也没有留下', '0', '2020-09-17', null, null, null, null);
INSERT INTO memberinfo VALUES ('19', 'harswlgb1', '男', '0cc175b9c0f1b6a831c399e269772661', '未绑定', 'harswlgb@163.com', '1', 'img_all.png', '这个人很懒什么也没有留下', '0', '2020-12-08', null, null, null, null);
INSERT INTO memberinfo VALUES ('20', '三期测试', '男', '0cc175b9c0f1b6a831c399e269772661', '未绑定', 'harswlgb@123.com', '1', 'img_all.png', '这个人很懒什么也没有留下', '0', '2020-12-08', null, null, null, null);
